-- MySQL dump 10.13  Distrib 8.0.16, for Win64 (x86_64)
--
-- Host: 127.0.0.1    Database: lojinha
-- ------------------------------------------------------
-- Server version	5.7.26-log

/*!40101 SET @OLD_CHARACTER_SET_CLIENT=@@CHARACTER_SET_CLIENT */;
/*!40101 SET @OLD_CHARACTER_SET_RESULTS=@@CHARACTER_SET_RESULTS */;
/*!40101 SET @OLD_COLLATION_CONNECTION=@@COLLATION_CONNECTION */;
 SET NAMES utf8 ;
/*!40103 SET @OLD_TIME_ZONE=@@TIME_ZONE */;
/*!40103 SET TIME_ZONE='+00:00' */;
/*!40014 SET @OLD_UNIQUE_CHECKS=@@UNIQUE_CHECKS, UNIQUE_CHECKS=0 */;
/*!40014 SET @OLD_FOREIGN_KEY_CHECKS=@@FOREIGN_KEY_CHECKS, FOREIGN_KEY_CHECKS=0 */;
/*!40101 SET @OLD_SQL_MODE=@@SQL_MODE, SQL_MODE='NO_AUTO_VALUE_ON_ZERO' */;
/*!40111 SET @OLD_SQL_NOTES=@@SQL_NOTES, SQL_NOTES=0 */;

--
-- Table structure for table `acao_estoque`
--

DROP TABLE IF EXISTS `acao_estoque`;
/*!40101 SET @saved_cs_client     = @@character_set_client */;
 SET character_set_client = utf8mb4 ;
CREATE TABLE `acao_estoque` (
  `id_acao_estoque` int(11) NOT NULL AUTO_INCREMENT,
  `id_produto` int(11) NOT NULL,
  `quantidade_atual` int(11) NOT NULL,
  `quantidade_inserido` int(11) DEFAULT NULL,
  `acao` varchar(10) DEFAULT NULL,
  `timestamp` timestamp NULL DEFAULT CURRENT_TIMESTAMP,
  PRIMARY KEY (`id_acao_estoque`)
) ENGINE=InnoDB AUTO_INCREMENT=376 DEFAULT CHARSET=latin1;
/*!40101 SET character_set_client = @saved_cs_client */;

--
-- Dumping data for table `acao_estoque`
--

LOCK TABLES `acao_estoque` WRITE;
/*!40000 ALTER TABLE `acao_estoque` DISABLE KEYS */;
INSERT INTO `acao_estoque` VALUES (1,4,56,4,'add','2019-06-28 15:20:27'),(2,3,231,3,'add','2019-06-28 15:20:51'),(3,39,3,36,'add','2019-06-28 15:23:16'),(4,5,24,19,'add','2019-06-28 16:32:07'),(5,3,234,52,'add','2019-06-28 16:32:36'),(6,17,0,12,'add','2019-06-28 16:37:54'),(7,29,0,50,'add','2019-06-28 16:40:01'),(8,29,50,50,'add','2019-06-28 16:40:48'),(9,18,2,11,'add','2019-06-28 16:42:07'),(10,28,64,300,'add','2019-06-28 16:42:45'),(11,63,0,0,'add','2019-06-29 05:43:58'),(12,43,479,2700,'add','2019-06-29 13:01:17'),(13,44,37,200,'add','2019-06-29 13:02:02'),(14,5,43,5,'add','2019-06-29 13:03:37'),(15,35,21,27,'add','2019-06-29 13:04:30'),(16,34,16,6,'add','2019-06-29 13:05:15'),(17,34,22,75,'add','2019-06-29 13:05:28'),(18,7,8,36,'add','2019-06-29 13:44:47'),(19,6,14,12,'add','2019-06-29 13:45:26'),(20,46,71,350,'add','2019-06-29 13:46:17'),(21,6,26,36,'add','2019-06-29 13:52:46'),(22,16,8,14,'add','2019-06-29 13:57:05'),(23,14,10,36,'add','2019-06-29 14:04:39'),(24,15,19,12,'add','2019-06-29 14:06:07'),(25,63,0,26,'add','2019-06-29 17:35:34'),(26,5,48,13,'add','2019-06-29 19:11:33'),(27,1,190,1,'remover','2019-06-30 14:58:55'),(28,3,286,1,'remover','2019-06-30 14:59:29'),(29,17,12,1,'remover','2019-06-30 15:09:43'),(30,46,421,25,'remover','2019-06-30 15:11:07'),(31,21,3,1,'remover','2019-06-30 15:12:58'),(32,12,8,1,'add','2019-06-30 15:13:44'),(33,12,9,2,'remover','2019-06-30 15:14:00'),(34,21,2,0,'add','2019-06-30 15:14:36'),(35,8,1,12,'add','2019-06-30 15:15:36'),(36,10,4,6,'add','2019-06-30 15:15:53'),(37,11,22,6,'add','2019-06-30 15:17:03'),(38,24,16,2,'add','2019-06-30 15:18:02'),(39,47,7,10,'add','2019-06-30 15:18:30'),(40,62,2,0,'add','2019-06-30 15:21:39'),(41,62,2,0,'add','2019-06-30 15:21:43'),(42,62,2,0,'add','2019-06-30 15:22:05'),(43,62,2,0,'add','2019-06-30 15:22:25'),(44,62,2,0,'add','2019-06-30 15:25:03'),(45,62,2,0,'add','2019-06-30 15:26:31'),(46,65,0,6,'add','2019-06-30 15:27:27'),(47,62,2,5,'add','2019-06-30 15:27:48'),(48,43,3179,100,'remover','2019-06-30 15:38:20'),(49,6,62,8,'remover','2019-06-30 17:07:20'),(50,1,189,10,'remover','2019-06-30 17:31:00'),(51,3,285,1,'remover','2019-06-30 17:31:30'),(52,3,284,1,'remover','2019-06-30 17:43:17'),(53,15,31,1,'remover','2019-06-30 18:47:41'),(54,39,39,1,'remover','2019-06-30 18:48:43'),(55,30,76,15,'add','2019-06-30 19:10:30'),(56,64,0,10,'add','2019-07-01 14:51:44'),(57,64,10,3,'add','2019-07-01 14:51:59'),(58,66,0,15,'add','2019-07-01 18:08:09'),(59,3,283,2,'remover','2019-07-01 18:08:40'),(60,37,4,1,'add','2019-07-01 18:22:25'),(61,67,0,1,'add','2019-07-01 18:23:48'),(62,18,13,13,'add','2019-07-02 16:14:27'),(63,67,1,0,'add','2019-07-02 17:51:56'),(64,2,40,1,'remover','2019-07-02 20:07:23'),(65,3,281,2,'remover','2019-07-02 20:07:59'),(66,68,0,16,'add','2019-07-02 20:09:03'),(67,67,1,2,'add','2019-07-02 20:09:18'),(68,35,48,20,'add','2019-07-02 20:12:45'),(69,37,5,1,'add','2019-07-02 20:13:37'),(70,35,68,2,'add','2019-07-02 20:15:32'),(71,69,0,16,'add','2019-07-02 20:28:35'),(72,70,0,10,'add','2019-07-02 23:36:24'),(73,71,0,4,'add','2019-07-02 23:40:26'),(74,1,179,1,'remover','2019-07-02 23:52:52'),(75,3,279,2,'remover','2019-07-03 18:12:51'),(76,73,0,10,'add','2019-07-04 15:04:18'),(77,72,0,20,'add','2019-07-04 15:04:29'),(78,3,277,1,'remover','2019-07-04 16:04:53'),(79,5,61,1,'remover','2019-07-05 13:47:25'),(80,51,50,214,'add','2019-07-05 14:09:05'),(81,30,91,0,'add','2019-07-05 14:10:23'),(82,30,91,4,'remover','2019-07-05 14:10:37'),(83,19,11,24,'add','2019-07-08 15:09:06'),(84,22,9,12,'add','2019-07-08 15:09:23'),(85,21,2,6,'add','2019-07-08 15:10:33'),(86,11,28,12,'add','2019-07-08 15:11:18'),(87,2,39,1,'remover','2019-07-08 15:29:55'),(88,27,500,400,'add','2019-07-08 21:08:07'),(89,35,70,50,'add','2019-07-10 21:57:31'),(90,37,6,13,'add','2019-07-10 21:58:22'),(91,34,97,50,'add','2019-07-10 21:59:33'),(92,67,3,10,'add','2019-07-10 22:03:45'),(93,38,44,25,'add','2019-07-10 22:05:54'),(94,38,69,18,'add','2019-07-10 22:07:34'),(95,38,87,3,'add','2019-07-10 22:08:15'),(96,38,90,0,'add','2019-07-10 22:08:33'),(97,29,100,50,'remover','2019-07-10 22:16:22'),(98,29,50,11,'remover','2019-07-10 22:19:37'),(99,29,39,25,'add','2019-07-10 22:20:01'),(100,54,186,186,'remover','2019-07-10 22:22:55'),(101,73,10,0,'add','2019-07-11 02:15:16'),(102,72,20,0,'add','2019-07-11 02:15:32'),(103,72,20,1,'remover','2019-07-11 02:15:39'),(104,55,360,0,'add','2019-07-11 02:16:07'),(105,54,0,0,'add','2019-07-11 02:16:17'),(106,9,14,19,'add','2019-07-12 16:13:56'),(107,13,12,17,'add','2019-07-12 16:14:21'),(108,13,29,12,'add','2019-07-12 16:16:00'),(109,19,35,12,'add','2019-07-12 16:17:41'),(110,20,7,12,'add','2019-07-12 16:18:00'),(111,11,40,10,'add','2019-07-12 16:18:58'),(112,14,46,56,'add','2019-07-12 16:21:52'),(113,14,102,9,'add','2019-07-12 16:22:02'),(114,15,30,12,'add','2019-07-12 16:22:32'),(115,17,11,1,'add','2019-07-12 16:23:27'),(116,16,22,6,'add','2019-07-12 16:28:52'),(117,52,25,10,'add','2019-07-12 16:35:14'),(118,18,26,14,'remover','2019-07-12 16:44:49'),(119,5,60,3,'remover','2019-07-12 16:47:04'),(120,5,57,1,'remover','2019-07-12 17:39:15'),(121,32,40,1,'remover','2019-07-12 20:24:28'),(122,31,80,40,'add','2019-07-12 20:25:09'),(123,14,111,36,'add','2019-07-12 20:26:01'),(124,15,42,12,'add','2019-07-12 20:26:15'),(125,16,28,15,'add','2019-07-12 20:26:26'),(126,17,12,6,'add','2019-07-12 20:26:43'),(127,18,12,4,'add','2019-07-12 20:26:55'),(128,2,38,1,'remover','2019-07-12 21:58:45'),(129,79,0,1,'add','2019-07-13 14:52:12'),(130,77,0,1,'add','2019-07-13 14:52:32'),(131,76,0,0,'add','2019-07-13 14:53:08'),(132,76,0,6,'add','2019-07-13 14:55:26'),(133,26,1,0,'add','2019-07-13 14:55:55'),(134,26,1,2,'add','2019-07-13 14:57:26'),(135,75,0,70,'add','2019-07-13 15:07:43'),(136,71,4,1,'remover','2019-07-13 15:12:07'),(137,3,225,1,'remover','2019-07-14 14:47:29'),(138,1,76,1,'remover','2019-07-14 15:33:36'),(139,1,75,1,'remover','2019-07-14 15:35:11'),(140,12,0,2,'add','2019-07-14 16:40:16'),(141,74,-1,4,'add','2019-07-14 16:40:36'),(142,52,-11,25,'add','2019-07-14 16:42:00'),(143,74,2,6,'add','2019-07-15 15:36:44'),(144,73,10,1,'remover','2019-07-15 15:37:54'),(145,72,18,1,'add','2019-07-15 15:38:21'),(146,70,5,1,'add','2019-07-15 15:38:54'),(147,69,14,1,'remover','2019-07-15 15:39:27'),(148,68,8,4,'remover','2019-07-15 15:50:00'),(149,67,9,1,'remover','2019-07-15 15:50:55'),(150,66,10,5,'add','2019-07-15 15:52:00'),(151,64,10,2,'remover','2019-07-15 16:07:14'),(152,63,18,15,'add','2019-07-15 16:07:40'),(153,63,33,18,'remover','2019-07-15 16:07:51'),(154,60,0,1,'add','2019-07-15 16:08:38'),(155,58,11,1,'add','2019-07-15 16:08:58'),(156,57,7,2,'remover','2019-07-15 16:09:43'),(157,56,9,1,'remover','2019-07-15 16:10:19'),(158,55,339,19,'remover','2019-07-15 16:11:15'),(159,53,148,140,'remover','2019-07-15 16:12:01'),(160,52,2,1,'add','2019-07-15 16:13:00'),(161,51,206,10,'remover','2019-07-15 16:19:11'),(162,49,7,1,'remover','2019-07-15 16:19:49'),(163,47,7,2,'add','2019-07-15 16:20:14'),(164,46,322,2,'remover','2019-07-15 16:23:16'),(165,44,78,15,'remover','2019-07-15 16:25:27'),(166,43,2558,58,'remover','2019-07-15 16:27:08'),(167,40,1,3,'add','2019-07-15 16:28:04'),(168,39,6,5,'remover','2019-07-15 16:28:28'),(169,38,24,4,'remover','2019-07-15 16:29:21'),(170,37,3,3,'remover','2019-07-15 16:29:47'),(171,36,4,4,'add','2019-07-15 16:30:51'),(172,35,53,5,'remover','2019-07-15 16:49:48'),(173,34,13,30,'remover','2019-07-15 16:57:51'),(174,34,-17,17,'add','2019-07-15 16:58:08'),(175,34,0,43,'add','2019-07-15 16:58:39'),(176,33,246,41,'remover','2019-07-15 17:01:11'),(177,32,7,1,'remover','2019-07-15 17:02:06'),(178,31,83,13,'remover','2019-07-15 17:03:03'),(179,30,27,26,'add','2019-07-15 17:04:49'),(180,31,70,20,'add','2019-07-15 17:05:05'),(181,29,25,1,'remover','2019-07-15 17:07:55'),(182,28,118,28,'add','2019-07-15 17:09:12'),(183,27,414,79,'remover','2019-07-15 17:11:03'),(184,25,-1,1,'add','2019-07-15 17:12:53'),(185,22,4,1,'add','2019-07-15 17:13:49'),(186,21,-4,9,'add','2019-07-15 17:14:24'),(187,19,41,24,'remover','2019-07-15 17:16:02'),(188,18,3,2,'remover','2019-07-15 17:16:42'),(189,17,8,1,'add','2019-07-15 17:17:28'),(190,16,21,11,'remover','2019-07-15 17:18:20'),(191,15,20,3,'remover','2019-07-15 17:18:55'),(192,14,83,1,'remover','2019-07-15 17:20:24'),(193,11,1,1,'add','2019-07-15 17:22:27'),(194,10,8,1,'remover','2019-07-15 17:24:18'),(195,8,9,2,'remover','2019-07-15 17:25:48'),(196,7,17,7,'remover','2019-07-15 17:26:32'),(197,6,24,2,'add','2019-07-15 17:27:53'),(198,5,14,1,'remover','2019-07-15 17:28:33'),(199,4,44,8,'remover','2019-07-15 17:51:58'),(200,3,217,22,'remover','2019-07-15 17:58:30'),(201,2,22,1,'remover','2019-07-15 18:00:25'),(202,1,59,110,'add','2019-07-15 18:06:00'),(203,26,1,1,'add','2019-07-15 18:26:36'),(204,3,193,80,'add','2019-07-16 13:02:34'),(205,3,273,110,'remover','2019-07-16 13:04:55'),(206,30,51,1,'add','2019-07-16 15:28:15'),(207,52,-3,5,'add','2019-07-16 15:28:40'),(208,52,2,3,'add','2019-07-16 15:33:33'),(209,5,11,1,'add','2019-07-16 15:36:51'),(210,39,1,7,'add','2019-07-16 15:47:13'),(211,35,48,1,'add','2019-07-16 15:48:15'),(212,39,8,1,'add','2019-07-16 15:51:22'),(213,39,9,1,'add','2019-07-16 15:54:18'),(214,63,15,3,'remover','2019-07-16 16:39:35'),(215,3,163,65,'add','2019-07-16 18:32:17'),(216,2,21,20,'remover','2019-07-16 18:41:14'),(217,1,169,45,'remover','2019-07-16 18:41:50'),(218,5,12,4,'remover','2019-07-17 20:32:19'),(219,11,2,12,'add','2019-07-17 20:34:19'),(220,70,6,6,'remover','2019-07-17 20:35:26'),(221,70,0,6,'add','2019-07-17 20:40:54'),(222,34,43,25,'add','2019-07-17 20:51:41'),(223,28,146,50,'remover','2019-07-17 20:52:59'),(224,27,263,50,'remover','2019-07-17 20:53:31'),(225,43,2500,100,'remover','2019-07-17 20:54:06'),(226,31,87,40,'remover','2019-07-17 20:54:28'),(227,72,19,2,'remover','2019-07-17 20:55:29'),(228,5,8,13,'add','2019-07-20 14:05:12'),(229,22,2,13,'add','2019-07-20 14:06:59'),(230,21,3,6,'add','2019-07-20 14:07:33'),(231,37,-3,25,'add','2019-07-20 14:16:35'),(232,35,44,1,'remover','2019-07-20 14:20:23'),(233,7,6,252,'add','2019-07-20 14:21:29'),(234,8,7,12,'add','2019-07-20 14:22:37'),(235,12,0,10,'add','2019-07-20 14:23:39'),(236,11,12,12,'add','2019-07-20 14:23:54'),(237,3,221,1,'remover','2019-07-20 16:43:21'),(238,52,-1,25,'add','2019-07-20 16:58:08'),(239,34,61,25,'remover','2019-07-20 16:58:37'),(240,34,36,25,'add','2019-07-20 16:59:11'),(241,33,197,25,'remover','2019-07-20 16:59:34'),(242,1,119,1,'remover','2019-07-20 17:37:52'),(243,3,220,2,'remover','2019-07-20 17:54:29'),(244,68,1,12,'add','2019-07-20 19:10:00'),(245,39,0,8,'add','2019-07-20 20:18:09'),(246,39,8,2,'add','2019-07-20 20:21:03'),(247,1,109,2,'remover','2019-07-21 15:34:06'),(248,39,0,17,'add','2019-07-22 16:06:59'),(249,36,-2,2,'add','2019-07-22 16:07:19'),(250,35,32,1,'remover','2019-07-22 16:10:45'),(251,80,-9,10,'add','2019-07-22 16:11:03'),(252,68,9,1,'add','2019-07-22 16:11:31'),(253,37,18,9,'remover','2019-07-22 16:12:29'),(254,33,143,28,'remover','2019-07-22 16:13:50'),(255,38,3,8,'add','2019-07-22 16:16:16'),(256,18,-1,4,'add','2019-07-22 16:17:23'),(257,16,1,24,'add','2019-07-22 16:18:52'),(258,15,-3,24,'add','2019-07-22 16:19:18'),(259,14,33,60,'add','2019-07-22 16:19:39'),(260,10,5,2,'remover','2019-07-22 16:20:26'),(261,9,12,8,'remover','2019-07-22 16:21:09'),(262,32,1,20,'add','2019-07-22 16:22:39'),(263,31,38,20,'add','2019-07-22 16:22:51'),(264,44,-4,4,'add','2019-07-22 16:25:48'),(265,34,52,28,'remover','2019-07-22 16:30:26'),(266,28,54,9,'remover','2019-07-22 16:31:42'),(267,27,113,4,'remover','2019-07-22 16:32:49'),(268,1,101,63,'add','2019-07-22 17:16:22'),(269,4,21,349,'add','2019-07-22 19:27:22'),(270,5,14,1,'add','2019-07-22 19:27:45'),(271,3,201,5,'remover','2019-07-22 19:33:21'),(272,81,0,12,'add','2019-07-22 19:43:57'),(273,82,0,6,'add','2019-07-22 19:49:25'),(274,21,3,12,'add','2019-07-22 19:49:53'),(275,19,15,9,'remover','2019-07-22 19:56:14'),(276,13,6,21,'add','2019-07-22 19:57:26'),(277,3,194,55,'add','2019-07-22 20:17:56'),(278,63,4,3,'remover','2019-07-23 15:19:47'),(279,30,17,25,'add','2019-07-23 15:20:17'),(280,27,108,25,'remover','2019-07-23 15:21:12'),(281,63,0,27,'add','2019-07-23 20:00:30'),(282,83,0,168,'add','2019-07-23 20:05:23'),(283,53,1,129,'add','2019-07-24 00:19:12'),(284,63,27,3,'remover','2019-07-24 15:07:09'),(285,83,168,10,'remover','2019-07-24 15:07:37'),(286,3,140,124,'add','2019-07-24 15:36:32'),(287,4,0,72,'add','2019-07-24 15:38:27'),(288,5,4,15,'add','2019-07-24 15:38:40'),(289,31,58,10,'remover','2019-07-24 15:42:20'),(290,28,37,1,'remover','2019-07-24 15:42:45'),(291,27,32,4,'remover','2019-07-24 15:43:20'),(292,20,3,1,'remover','2019-07-24 15:44:02'),(293,64,6,1,'remover','2019-07-24 15:44:31'),(294,52,12,1,'remover','2019-07-24 15:44:54'),(295,36,-1,1,'add','2019-07-24 15:45:14'),(296,38,11,3,'remover','2019-07-24 15:45:36'),(297,70,1,75,'add','2019-07-24 18:57:56'),(298,37,9,75,'add','2019-07-24 18:58:51'),(299,38,8,75,'add','2019-07-24 18:59:11'),(300,67,3,25,'add','2019-07-24 18:59:37'),(301,34,20,50,'add','2019-07-24 19:00:20'),(302,34,70,25,'add','2019-07-24 19:00:31'),(303,35,29,50,'add','2019-07-24 19:01:09'),(304,76,0,6,'add','2019-07-25 15:58:14'),(305,77,0,2,'add','2019-07-25 16:01:43'),(306,48,19,1,'remover','2019-07-25 16:15:36'),(307,1,129,1,'remover','2019-07-27 16:36:03'),(308,3,151,3,'remover','2019-07-27 16:36:33'),(309,52,5,10,'add','2019-07-27 17:57:25'),(310,52,15,21,'add','2019-07-27 17:58:25'),(311,1,126,1,'remover','2019-07-27 18:35:02'),(312,52,36,1,'add','2019-07-27 18:38:43'),(313,1,119,1,'remover','2019-07-27 18:40:33'),(314,27,10,250,'add','2019-07-28 13:14:08'),(315,27,69,40,'add','2019-07-28 14:35:13'),(316,1,117,1,'remover','2019-07-28 16:36:35'),(317,1,92,1,'remover','2019-07-29 17:08:40'),(318,4,59,1,'remover','2019-07-29 17:08:58'),(319,1,90,98,'add','2019-07-29 18:01:01'),(320,3,130,4,'add','2019-07-29 18:01:25'),(321,5,11,2,'add','2019-07-29 18:04:20'),(322,5,13,3,'add','2019-07-30 16:29:20'),(323,4,56,41,'add','2019-07-30 16:30:00'),(324,3,129,76,'add','2019-07-30 16:30:13'),(325,3,205,37,'add','2019-07-30 16:33:14'),(326,4,97,1,'remover','2019-07-30 16:34:05'),(327,6,9,172,'add','2019-07-30 16:35:22'),(328,2,0,22,'add','2019-08-01 16:58:01'),(329,2,-167,200,'add','2019-08-02 14:42:30'),(330,1,-178,300,'add','2019-08-02 14:42:46'),(331,3,-36,150,'add','2019-08-02 14:43:35'),(332,3,114,33,'add','2019-08-02 14:43:42'),(333,5,3,11,'add','2019-08-02 14:44:09'),(334,4,89,1,'remover','2019-08-06 16:41:05'),(335,4,88,114,'add','2019-08-06 16:43:08'),(336,5,13,10,'add','2019-08-07 14:41:09'),(337,3,143,81,'add','2019-08-07 14:41:26'),(338,2,29,120,'add','2019-08-07 14:42:03'),(339,76,6,2,'remover','2019-08-07 15:59:35'),(340,74,7,1,'remover','2019-08-07 16:00:00'),(341,72,14,2,'remover','2019-08-07 16:00:41'),(342,68,-3,10,'add','2019-08-07 16:01:54'),(343,67,16,8,'add','2019-08-07 16:07:45'),(344,63,18,7,'remover','2019-08-07 16:08:41'),(345,49,0,3,'add','2019-08-07 16:09:31'),(346,52,24,1,'remover','2019-08-07 16:17:15'),(347,50,4,1,'remover','2019-08-07 16:17:35'),(348,43,1539,800,'remover','2019-08-07 16:18:36'),(349,39,1,6,'add','2019-08-07 16:19:18'),(350,38,83,4,'remover','2019-08-07 16:20:03'),(351,36,-2,2,'add','2019-08-07 16:21:05'),(352,19,4,3,'add','2019-08-07 16:23:17'),(353,31,10,2,'add','2019-08-07 16:25:01'),(354,28,22,4,'remover','2019-08-07 16:26:23'),(355,13,12,1,'remover','2019-08-07 16:27:44'),(356,11,10,12,'add','2019-08-07 16:28:28'),(357,7,171,34,'add','2019-08-07 16:29:47'),(358,2,149,11,'add','2019-08-07 16:42:14'),(359,1,111,60,'add','2019-08-07 16:49:50'),(360,1,168,38,'add','2019-08-07 18:09:06'),(361,3,223,3,'add','2019-08-07 18:09:26'),(362,4,61,91,'add','2019-08-07 18:11:56'),(363,3,225,2,'remover','2019-08-08 17:03:53'),(364,5,22,1,'remover','2019-08-08 17:04:34'),(365,3,223,1,'remover','2019-08-08 17:05:41'),(366,1,198,2,'remover','2019-08-08 19:11:03'),(367,5,20,7,'add','2019-08-09 13:36:30'),(368,3,218,100,'add','2019-08-09 13:36:42'),(369,1,176,20,'add','2019-08-09 13:47:06'),(370,3,263,100,'add','2019-08-09 13:47:20'),(371,3,218,72,'remover','2019-08-09 14:38:43'),(372,3,137,1,'remover','2019-08-09 17:46:47'),(373,2,158,2,'remover','2019-08-09 18:02:20'),(374,1,183,9,'remover','2019-08-09 18:05:09'),(375,3,136,2,'remover','2019-08-09 18:05:39');
/*!40000 ALTER TABLE `acao_estoque` ENABLE KEYS */;
UNLOCK TABLES;

--
-- Table structure for table `movimentacao`
--

DROP TABLE IF EXISTS `movimentacao`;
/*!40101 SET @saved_cs_client     = @@character_set_client */;
 SET character_set_client = utf8mb4 ;
CREATE TABLE `movimentacao` (
  `id_movimentacao` int(11) NOT NULL AUTO_INCREMENT,
  `valor` decimal(6,2) NOT NULL,
  `descricao` text NOT NULL,
  `tipo` varchar(10) NOT NULL,
  `status` varchar(10) DEFAULT 'ativo',
  `timestamp` timestamp NULL DEFAULT CURRENT_TIMESTAMP,
  PRIMARY KEY (`id_movimentacao`)
) ENGINE=InnoDB AUTO_INCREMENT=24 DEFAULT CHARSET=latin1;
/*!40101 SET character_set_client = @saved_cs_client */;

--
-- Dumping data for table `movimentacao`
--

LOCK TABLES `movimentacao` WRITE;
/*!40000 ALTER TABLE `movimentacao` DISABLE KEYS */;
INSERT INTO `movimentacao` VALUES (1,195.00,'Compras rico','retirado','ativo','2019-07-02 14:35:15'),(2,150.00,'Compras acai','retirado','ativo','2019-07-04 15:05:26'),(3,25.00,'Renato pegou 20','retirado','ativo','2019-07-07 16:54:10'),(4,198.00,'Compras rico','retirado','ativo','2019-07-08 15:08:02'),(5,241.00,'Carlinhos patriarca 10/07','retirado','ativo','2019-07-10 22:21:27'),(6,420.00,'Compras linhas e raias','retirado','ativo','2019-07-12 20:22:45'),(7,365.00,'Carretilhas madeira','retirado','ativo','2019-07-12 21:56:53'),(9,13.00,'Hector vendeu 13 reais de produtos, nao registrou pois ja tinha desligado o notebook. Ele mandou eu dar baixa','inserido','ativo','2019-07-14 04:14:25'),(10,120.00,'Salário Hector pago no dia 14/07','retirado','ativo','2019-07-14 14:54:09'),(11,29.00,'Almoço','retirado','ativo','2019-07-14 19:10:31'),(12,6.00,'Rosana 6,00','retirado','ativo','2019-07-18 16:50:03'),(13,19.00,'Almoço','retirado','ativo','2019-07-19 17:05:10'),(14,172.00,'Compras rico','retirado','ativo','2019-07-20 14:24:36'),(15,370.00,'Compras linhas pronta','retirado','ativo','2019-07-22 16:46:00'),(16,178.00,'Claudio lamar','retirado','ativo','2019-07-22 19:58:16'),(17,200.00,'Eu peguei','retirado','ativo','2019-07-25 16:28:59'),(18,190.00,'Compras carretilhas','retirado','ativo','2019-07-25 16:29:50'),(19,743.00,'Compras pipas','retirado','ativo','2019-07-25 16:30:16'),(20,420.00,'Compras pipas','retirado','ativo','2019-07-25 16:30:47'),(21,19.00,'Almoço','retirado','ativo','2019-07-26 17:26:58'),(22,20.00,'Rosana','retirado','ativo','2019-07-27 17:12:23'),(23,60.00,'Compras no rico','retirado','ativo','2019-07-30 16:47:25');
/*!40000 ALTER TABLE `movimentacao` ENABLE KEYS */;
UNLOCK TABLES;

--
-- Table structure for table `produtos`
--

DROP TABLE IF EXISTS `produtos`;
/*!40101 SET @saved_cs_client     = @@character_set_client */;
 SET character_set_client = utf8mb4 ;
CREATE TABLE `produtos` (
  `id_produto` int(11) NOT NULL AUTO_INCREMENT,
  `nome` varchar(255) NOT NULL,
  `descricao` varchar(45) DEFAULT NULL,
  `valorVarejo` decimal(6,2) NOT NULL DEFAULT '0.00',
  `valorAtacado` decimal(6,2) NOT NULL DEFAULT '0.00',
  `quantidade` int(11) NOT NULL DEFAULT '0',
  `status` varchar(45) NOT NULL DEFAULT 'ativo',
  `timestamp` timestamp NULL DEFAULT CURRENT_TIMESTAMP,
  PRIMARY KEY (`id_produto`)
) ENGINE=InnoDB AUTO_INCREMENT=84 DEFAULT CHARSET=latin1;
/*!40101 SET character_set_client = @saved_cs_client */;

--
-- Dumping data for table `produtos`
--

LOCK TABLES `produtos` WRITE;
/*!40000 ALTER TABLE `produtos` DISABLE KEYS */;
INSERT INTO `produtos` VALUES (1,'Picolé','Todos os sabores',1.50,1.00,801,'ativo','2019-06-22 18:24:59'),(2,'Skimo','Picole casquinha de chocolate',2.25,1.50,367,'ativo','2019-06-22 18:36:15'),(3,'Pote 250ml','Todos os sabores',3.00,1.60,962,'ativo','2019-06-22 18:37:22'),(4,'Pote 200ml','Todos os sabores',2.50,1.15,716,'ativo','2019-06-22 18:37:45'),(5,'Pote 2l','Todos os sabores',15.00,11.00,113,'ativo','2019-06-22 18:38:29'),(6,'Linha 60jds','Extra forte',1.00,0.58,228,'ativo','2019-06-22 18:44:58'),(7,'Linha 100jds','Extra forte',1.50,1.00,323,'ativo','2019-06-22 18:46:04'),(8,'Linha 200jds','Extra forte',2.50,1.50,23,'ativo','2019-06-22 18:46:59'),(9,'Linha Fun 500jds','Aero fun',5.50,0.00,25,'ativo','2019-06-22 18:47:45'),(10,'Linha Pinheiro 500jds','Pinheiro',6.50,0.00,7,'ativo','2019-06-22 18:48:45'),(11,'Linha Corrente 500jds','Corrente',7.50,0.00,87,'ativo','2019-06-22 18:50:35'),(12,'Linha 1000jds','Pitbull',12.00,0.00,19,'ativo','2019-06-22 18:51:41'),(13,'Linha 250jds Na Lata','Extra forte',4.00,0.00,61,'ativo','2019-06-22 18:55:21'),(14,'Linha Pronta 100jds','',5.00,3.00,206,'ativo','2019-06-23 15:28:12'),(15,'Linha Pronta 200jds','',10.00,6.00,75,'ativo','2019-06-23 15:28:37'),(16,'Linha Pronta 500jds','',15.00,0.00,56,'ativo','2019-06-23 15:29:02'),(17,'Linha Pronta 1000jds','',25.00,0.00,19,'ativo','2019-06-23 15:29:38'),(18,'Linha Pronta 3000jds','',50.00,0.00,18,'ativo','2019-06-23 15:30:01'),(19,'Porta Linha Redondo Peq.','',2.00,0.00,17,'ativo','2019-06-23 15:30:30'),(20,'Porta Linha Redondo Medio','',2.50,0.00,18,'ativo','2019-06-23 15:31:04'),(21,'Porta Linha Redondo Grande','',5.00,0.00,35,'ativo','2019-06-23 15:31:31'),(22,'Porta Linha Oval Medio','',4.00,0.00,35,'ativo','2019-06-23 15:33:13'),(23,'Porta Linha Redondo Gigante','',8.00,0.00,1,'ativo','2019-06-23 15:33:42'),(24,'Carretilha Plast. Peq. Preta','',8.00,0.00,18,'ativo','2019-06-23 15:34:04'),(25,'Carretilha Madeira 9\"lisa','',30.00,0.00,3,'ativo','2019-06-23 15:35:57'),(26,'Carretilha Madeira 10\"pintada','',50.00,0.00,4,'ativo','2019-06-23 15:36:39'),(27,'Pexao 30cm','',0.50,0.30,1028,'ativo','2019-06-23 15:38:42'),(28,'Pexao 35cm Pequeno','',0.60,0.00,328,'ativo','2019-06-23 15:40:40'),(29,'Pexao 40cm Media','',1.00,0.00,63,'ativo','2019-06-23 15:41:25'),(30,'Pexao 30cm Com Rabiola','',1.25,0.00,139,'ativo','2019-06-23 15:43:22'),(31,'Raia Puxo Plastica Pequena','',1.50,1.00,99,'ativo','2019-06-23 15:47:11'),(32,'Raia Puxo Plastica Media','',2.00,0.00,58,'ativo','2019-06-23 15:55:57'),(33,'Pipa Caçula','',1.00,0.68,252,'ativo','2019-06-23 16:00:38'),(34,'Pipa Pequeno','',1.20,0.00,249,'ativo','2019-06-23 16:01:53'),(35,'Pipa Medio Mucha','',1.50,0.00,164,'ativo','2019-06-23 16:02:36'),(36,'Pipa Medio Camarao','',1.50,0.00,46,'ativo','2019-06-23 16:06:03'),(37,'Pipa Mucha Grande','',2.00,0.00,107,'ativo','2019-06-23 16:06:45'),(38,'Pipa Grande Lapis','',2.00,0.00,162,'ativo','2019-06-23 16:08:18'),(39,'Pipa Medio Com Rabiola','',3.00,0.00,75,'ativo','2019-06-23 16:08:46'),(40,'Pipas Lona Pequeno','',7.00,0.00,4,'ativo','2019-06-23 16:11:00'),(41,'Pipa Lona Medio','',10.00,0.00,3,'ativo','2019-06-23 16:11:18'),(42,'Pipa Lona Grande','',15.00,0.00,9,'ativo','2019-06-23 16:11:38'),(43,'Rabiola Por Metro','',0.20,0.00,2121,'ativo','2019-06-23 16:13:53'),(44,'Rabiola Pct 5mts','',1.00,0.00,226,'ativo','2019-06-23 16:14:21'),(45,'Rabiola Pct 100mts','',15.00,0.00,0,'desativado','2019-06-23 16:15:24'),(46,'Fitinha Rocambole','',0.50,0.00,394,'ativo','2019-06-23 16:18:36'),(47,'Fita Dedo 1 Metro','',1.00,0.00,19,'ativo','2019-06-23 16:21:46'),(48,'Fita De Dedo 20 Mts','',8.00,0.00,20,'ativo','2019-06-23 16:22:23'),(49,'Cola Madeira Sache','',1.00,0.00,14,'ativo','2019-06-23 16:26:13'),(50,'Linha Aero Max 500','Aero',6.50,0.00,10,'ativo','2019-06-23 18:11:54'),(51,'Raia Puxo Papel Peq.','',1.00,0.00,254,'ativo','2019-06-26 01:00:29'),(52,'Pipa Peq.c. Rabiola','',2.00,0.00,124,'ativo','2019-06-26 16:23:01'),(53,'Biribinha','',1.00,0.00,150,'ativo','2019-06-26 16:31:01'),(54,'Baton 4','Bomba b4',1.00,0.00,0,'ativo','2019-06-26 16:34:23'),(55,'Baton 1','Bomba b1',0.70,0.00,341,'ativo','2019-06-26 16:39:35'),(56,'Traque','',3.50,0.00,11,'ativo','2019-06-26 16:49:36'),(57,'Minhoquinha','',3.00,0.00,5,'ativo','2019-06-26 16:50:08'),(58,'Arvore De Natal','',3.00,0.00,12,'ativo','2019-06-26 16:50:57'),(59,'Foguetinho','',1.50,0.00,10,'ativo','2019-06-26 16:52:57'),(60,'Candela 10 Tiros','Varinha',1.50,0.00,1,'ativo','2019-06-26 16:53:49'),(61,'Velas Magnezianas','',1.50,0.00,4,'ativo','2019-06-26 16:54:38'),(62,'Rojao 12x1 Caixa','Fogos',25.00,0.00,7,'ativo','2019-06-26 16:56:26'),(63,'Paçoca','Doce',1.25,0.00,34,'ativo','2019-06-28 16:38:51'),(64,'Linha 1500jds','',20.00,0.00,10,'ativo','2019-06-30 13:39:53'),(65,'Rojao 12x1 Unudade','',6.00,0.00,6,'ativo','2019-06-30 15:25:59'),(66,'Lanterna Voadora','',6.00,0.00,20,'ativo','2019-07-01 18:07:20'),(67,'Pipa Gigante','',3.00,0.00,45,'ativo','2019-07-01 18:23:23'),(68,'Pipa Gigante C Rabiola','',3.50,0.00,35,'ativo','2019-07-01 18:26:11'),(69,'Piao','',2.50,0.00,15,'ativo','2019-07-02 20:28:13'),(70,'Pipa Grande Envergado','',1.80,0.00,86,'ativo','2019-07-02 23:35:53'),(71,'Pipa Bico Medio','Pipa bico medio',1.80,0.00,3,'ativo','2019-07-02 23:40:09'),(72,'Açaí Pequeno 220 Ml','Acai',5.00,3.50,16,'ativo','2019-07-04 15:01:20'),(73,'Açaí Grande 1 Litro','Acai',15.00,13.00,9,'ativo','2019-07-04 15:03:46'),(74,'Porta Linha Quadrado','',2.50,0.00,9,'ativo','2019-07-08 15:10:11'),(75,'Cola Madeira Granulada','',2.00,0.00,70,'ativo','2019-07-08 15:19:34'),(76,'Carretilha Pintada 9\"','',35.00,0.00,10,'ativo','2019-07-13 14:48:46'),(77,'Carretilha Mad. Pintada 11\"','',50.00,0.00,3,'ativo','2019-07-13 14:50:08'),(78,'Carretilha Mad. Pintada 14\"','',80.00,0.00,0,'ativo','2019-07-13 14:51:27'),(79,'Carretilha Mad. Pintada 16\"','',100.00,0.00,1,'ativo','2019-07-13 14:51:59'),(80,'Pipa Bico Grande','',2.50,0.00,10,'ativo','2019-07-17 20:36:43'),(81,'Carretinha Plast. Colorida Peq.','',11.00,0.00,12,'ativo','2019-07-22 19:43:38'),(82,'Carretilha Plast. Colorida Media','',15.00,0.00,6,'ativo','2019-07-22 19:45:31'),(83,'Balas','',0.10,0.00,158,'ativo','2019-07-23 20:00:52');
/*!40000 ALTER TABLE `produtos` ENABLE KEYS */;
UNLOCK TABLES;

--
-- Table structure for table `promocao`
--

DROP TABLE IF EXISTS `promocao`;
/*!40101 SET @saved_cs_client     = @@character_set_client */;
 SET character_set_client = utf8mb4 ;
CREATE TABLE `promocao` (
  `id_promocao` int(11) NOT NULL AUTO_INCREMENT,
  `id_produto` varchar(45) NOT NULL,
  `quantidade` int(11) NOT NULL,
  `valor` decimal(6,2) NOT NULL,
  `status` varchar(45) DEFAULT 'ativo',
  `timestamp` timestamp NULL DEFAULT CURRENT_TIMESTAMP,
  PRIMARY KEY (`id_promocao`)
) ENGINE=InnoDB AUTO_INCREMENT=10 DEFAULT CHARSET=latin1;
/*!40101 SET character_set_client = @saved_cs_client */;

--
-- Dumping data for table `promocao`
--

LOCK TABLES `promocao` WRITE;
/*!40000 ALTER TABLE `promocao` DISABLE KEYS */;
INSERT INTO `promocao` VALUES (1,'1',20,1.25,'ativo','2019-06-22 18:26:00'),(2,'1',100,1.00,'ativo','2019-06-22 18:26:22'),(3,'2',10,2.00,'ativo','2019-06-22 18:40:43'),(4,'27',25,0.40,'ativo','2019-06-23 15:39:17'),(5,'43',100,0.15,'ativo','2019-06-23 16:17:31'),(6,'28',25,0.54,'ativo','2019-06-26 15:28:20'),(7,'54',10,0.70,'ativo','2019-06-26 16:36:32'),(8,'55',20,0.40,'ativo','2019-06-26 16:40:54'),(9,'62',6,4.17,'ativo','2019-06-30 15:23:48');
/*!40000 ALTER TABLE `promocao` ENABLE KEYS */;
UNLOCK TABLES;

--
-- Table structure for table `transacao`
--

DROP TABLE IF EXISTS `transacao`;
/*!40101 SET @saved_cs_client     = @@character_set_client */;
 SET character_set_client = utf8mb4 ;
CREATE TABLE `transacao` (
  `id_transacao` int(11) NOT NULL AUTO_INCREMENT,
  `valor_total` decimal(6,2) NOT NULL,
  `valor_pago` decimal(6,2) NOT NULL,
  `troco` decimal(6,2) NOT NULL DEFAULT '0.00',
  `desconto` decimal(6,2) NOT NULL DEFAULT '0.00',
  `tipo_pagamento` varchar(10) NOT NULL,
  `venda` varchar(10) NOT NULL,
  `timestamp` timestamp NULL DEFAULT CURRENT_TIMESTAMP,
  PRIMARY KEY (`id_transacao`)
) ENGINE=InnoDB AUTO_INCREMENT=865 DEFAULT CHARSET=latin1;
/*!40101 SET character_set_client = @saved_cs_client */;

--
-- Dumping data for table `transacao`
--

LOCK TABLES `transacao` WRITE;
/*!40000 ALTER TABLE `transacao` DISABLE KEYS */;
INSERT INTO `transacao` VALUES (1,15.50,15.50,0.00,0.00,'cartao','varejo','2019-06-26 15:20:44'),(2,1.50,1.50,0.00,0.00,'dinheiro','varejo','2019-06-26 15:25:42'),(3,3.00,3.00,0.00,0.00,'dinheiro','varejo','2019-06-26 19:24:22'),(4,3.50,3.50,0.00,0.00,'dinheiro','varejo','2019-06-26 19:25:08'),(5,3.00,5.00,2.00,0.00,'dinheiro','varejo','2019-06-26 19:26:37'),(6,9.40,9.40,0.00,0.00,'dinheiro','varejo','2019-06-26 19:27:57'),(7,5.00,5.00,0.00,0.00,'dinheiro','varejo','2019-06-26 19:28:45'),(8,2.50,2.50,0.00,0.00,'dinheiro','varejo','2019-06-26 19:29:16'),(9,5.50,5.50,0.00,0.00,'dinheiro','varejo','2019-06-26 19:30:15'),(10,15.00,15.00,0.00,0.00,'cartao','varejo','2019-06-26 19:31:04'),(11,12.00,12.00,0.00,0.00,'dinheiro','varejo','2019-06-26 19:33:13'),(12,0.50,0.50,0.00,0.00,'dinheiro','varejo','2019-06-26 19:33:47'),(13,0.60,0.60,0.00,0.00,'dinheiro','varejo','2019-06-26 19:34:36'),(14,6.00,10.00,4.00,0.00,'dinheiro','varejo','2019-06-26 19:54:01'),(15,0.50,0.50,0.00,0.00,'dinheiro','varejo','2019-06-26 20:09:00'),(16,5.50,5.50,0.00,0.00,'dinheiro','varejo','2019-06-27 15:18:53'),(17,30.00,100.00,70.00,0.00,'dinheiro','varejo','2019-06-27 15:52:11'),(18,30.00,30.00,0.00,0.00,'dinheiro','varejo','2019-06-27 16:57:31'),(19,2.00,2.00,0.00,0.00,'dinheiro','varejo','2019-06-27 16:58:38'),(20,8.25,10.00,1.75,0.00,'dinheiro','varejo','2019-06-27 17:03:21'),(21,1.00,1.00,0.00,0.00,'dinheiro','varejo','2019-06-27 17:30:38'),(22,50.00,50.00,0.00,0.00,'dinheiro','varejo','2019-06-27 17:33:43'),(23,13.50,50.00,36.50,0.00,'dinheiro','varejo','2019-06-27 17:34:30'),(24,13.50,50.00,36.50,0.00,'dinheiro','varejo','2019-06-27 17:34:30'),(25,13.00,13.00,0.00,0.00,'dinheiro','varejo','2019-06-27 17:49:48'),(26,20.00,20.00,0.00,0.00,'dinheiro','varejo','2019-06-27 18:07:42'),(27,15.00,100.00,85.00,0.00,'dinheiro','varejo','2019-06-27 18:16:33'),(28,19.00,20.00,1.00,0.00,'dinheiro','varejo','2019-06-27 18:18:44'),(29,9.00,9.00,0.00,0.00,'cartao','varejo','2019-06-27 18:19:51'),(30,5.00,5.00,0.00,0.00,'dinheiro','varejo','2019-06-27 18:26:36'),(31,5.50,10.00,4.50,0.00,'dinheiro','varejo','2019-06-27 18:32:47'),(32,15.00,15.00,0.00,0.00,'cartao','varejo','2019-06-27 20:26:47'),(33,12.00,20.00,8.00,0.00,'dinheiro','varejo','2019-06-28 15:16:07'),(34,18.00,18.00,0.00,0.00,'cartao','varejo','2019-06-28 15:17:19'),(35,0.50,0.50,0.00,0.00,'dinheiro','varejo','2019-06-28 15:17:39'),(36,0.50,2.00,1.50,0.00,'dinheiro','varejo','2019-06-28 15:44:20'),(37,8.00,22.00,14.00,0.00,'dinheiro','varejo','2019-06-28 15:45:05'),(38,7.50,7.50,0.00,0.00,'cartao','varejo','2019-06-28 16:59:53'),(39,4.70,4.75,0.05,0.00,'dinheiro','varejo','2019-06-28 17:25:56'),(40,6.00,21.00,15.00,0.00,'dinheiro','varejo','2019-06-28 17:31:06'),(41,3.00,3.00,0.00,0.00,'dinheiro','varejo','2019-06-28 18:27:04'),(42,28.50,50.00,21.50,0.00,'dinheiro','varejo','2019-06-28 18:32:45'),(43,1.50,1.50,0.00,0.00,'dinheiro','varejo','2019-06-28 18:35:24'),(44,13.25,50.00,36.75,0.00,'dinheiro','varejo','2019-06-28 19:09:19'),(45,1.50,1.50,0.00,0.00,'dinheiro','varejo','2019-06-28 19:09:56'),(46,0.50,0.50,0.00,0.00,'dinheiro','varejo','2019-06-28 19:10:20'),(47,3.00,3.00,0.00,0.00,'dinheiro','varejo','2019-06-28 19:23:58'),(48,4.50,5.00,0.50,0.00,'dinheiro','varejo','2019-06-28 19:32:31'),(49,9.50,20.00,10.50,0.00,'dinheiro','varejo','2019-06-28 19:49:56'),(50,5.00,5.00,0.00,0.00,'dinheiro','varejo','2019-06-28 20:21:49'),(51,10.80,10.80,0.00,0.00,'dinheiro','varejo','2019-06-29 13:22:42'),(52,16.00,16.00,0.00,0.00,'dinheiro','varejo','2019-06-29 13:29:39'),(53,1.50,2.00,0.50,0.00,'dinheiro','varejo','2019-06-29 13:33:46'),(54,11.60,11.60,0.00,0.00,'dinheiro','varejo','2019-06-29 14:30:07'),(55,2.50,5.00,2.50,0.00,'dinheiro','varejo','2019-06-29 15:06:42'),(56,3.50,3.50,0.00,0.00,'dinheiro','varejo','2019-06-29 15:08:33'),(57,9.00,20.00,11.00,0.00,'dinheiro','varejo','2019-06-29 16:12:55'),(58,15.00,20.00,5.00,0.00,'dinheiro','varejo','2019-06-29 16:17:46'),(59,5.00,5.00,0.00,0.00,'dinheiro','varejo','2019-06-29 16:26:37'),(60,50.00,50.00,0.00,0.00,'dinheiro','varejo','2019-06-29 16:42:07'),(61,13.50,13.50,0.00,0.00,'cartao','varejo','2019-06-29 16:50:47'),(62,2.20,2.20,0.00,0.00,'dinheiro','varejo','2019-06-29 16:51:39'),(63,6.00,6.00,0.00,0.00,'dinheiro','varejo','2019-06-29 16:53:01'),(64,33.00,30.00,0.00,3.00,'dinheiro','varejo','2019-06-29 16:55:03'),(65,115.00,115.00,0.00,0.00,'cartao','varejo','2019-06-29 16:59:24'),(66,22.00,22.00,0.00,0.00,'dinheiro','varejo','2019-06-29 17:02:46'),(67,5.00,5.00,0.00,0.00,'dinheiro','varejo','2019-06-29 17:03:21'),(68,1.50,1.50,0.00,0.00,'dinheiro','varejo','2019-06-29 17:06:23'),(69,5.50,5.50,0.00,0.00,'dinheiro','varejo','2019-06-29 17:07:10'),(70,1.00,1.00,0.00,0.00,'dinheiro','varejo','2019-06-29 17:11:45'),(71,1.50,2.00,0.50,0.00,'dinheiro','varejo','2019-06-29 17:22:08'),(72,350.00,245.00,0.00,105.00,'dinheiro','atacado','2019-06-29 17:26:05'),(73,30.00,0.01,0.00,29.99,'dinheiro','varejo','2019-06-29 17:27:57'),(74,3.00,0.01,0.00,2.99,'dinheiro','varejo','2019-06-29 17:28:47'),(75,31.00,31.00,0.00,0.00,'cartao','varejo','2019-06-29 17:32:04'),(76,619.50,419.50,0.00,200.00,'dinheiro','atacado','2019-06-29 17:42:30'),(77,2.00,2.00,0.00,0.00,'dinheiro','varejo','2019-06-29 17:42:56'),(78,14.10,14.10,0.00,0.00,'dinheiro','varejo','2019-06-29 18:05:11'),(79,15.00,16.00,1.00,0.00,'dinheiro','varejo','2019-06-29 18:11:57'),(80,46.50,50.00,3.50,0.00,'dinheiro','varejo','2019-06-29 18:15:01'),(81,47.00,47.00,0.00,0.00,'cartao','varejo','2019-06-29 18:18:18'),(82,2.00,2.00,0.00,0.00,'dinheiro','varejo','2019-06-29 18:20:59'),(83,31.00,50.00,19.00,0.00,'dinheiro','varejo','2019-06-29 18:25:02'),(84,10.00,10.00,0.00,0.00,'dinheiro','varejo','2019-06-29 18:26:51'),(85,3.00,5.00,2.00,0.00,'dinheiro','varejo','2019-06-29 18:29:49'),(86,18.00,18.00,0.00,0.00,'cartao','varejo','2019-06-29 18:52:28'),(87,16.50,16.50,0.00,0.00,'cartao','varejo','2019-06-29 18:53:30'),(88,2.50,2.50,0.00,0.00,'dinheiro','varejo','2019-06-29 19:19:09'),(89,4.00,4.00,0.00,0.00,'dinheiro','varejo','2019-06-29 20:03:47'),(90,15.00,15.00,0.00,0.00,'cartao','varejo','2019-06-29 20:17:30'),(91,2.50,2.50,0.00,0.00,'dinheiro','varejo','2019-06-29 20:29:08'),(92,5.80,6.00,0.20,0.00,'dinheiro','varejo','2019-06-29 20:30:31'),(93,6.00,6.00,0.00,0.00,'dinheiro','varejo','2019-06-29 20:31:15'),(94,77.00,100.00,23.00,0.00,'dinheiro','varejo','2019-06-30 13:02:18'),(95,9.30,9.30,0.00,0.00,'dinheiro','varejo','2019-06-30 13:11:03'),(96,0.60,0.60,0.00,0.00,'dinheiro','varejo','2019-06-30 13:15:38'),(97,16.50,20.00,3.50,0.00,'dinheiro','varejo','2019-06-30 14:02:23'),(98,12.00,12.00,0.00,0.00,'dinheiro','varejo','2019-06-30 14:04:48'),(99,6.00,6.00,0.00,0.00,'dinheiro','varejo','2019-06-30 15:28:19'),(100,10.00,10.00,0.00,0.00,'dinheiro','varejo','2019-06-30 15:43:46'),(101,4.50,5.00,0.50,0.00,'dinheiro','varejo','2019-06-30 15:44:55'),(102,1.60,2.00,0.40,0.00,'dinheiro','varejo','2019-06-30 15:46:34'),(103,22.50,22.50,0.00,0.00,'cartao','varejo','2019-06-30 15:53:51'),(104,6.00,6.00,0.00,0.00,'dinheiro','varejo','2019-06-30 16:04:18'),(108,15.50,20.00,4.50,0.00,'dinheiro','varejo','2019-06-30 16:53:31'),(109,36.00,100.00,64.00,0.00,'dinheiro','varejo','2019-06-30 16:58:35'),(110,25.55,25.55,0.00,0.00,'dinheiro','varejo','2019-06-30 17:06:06'),(111,39.75,39.75,0.00,0.00,'dinheiro','varejo','2019-06-30 17:10:52'),(112,2.50,2.00,0.00,0.50,'dinheiro','varejo','2019-06-30 17:14:01'),(113,8.80,8.80,0.00,0.00,'dinheiro','varejo','2019-06-30 17:22:43'),(114,19.50,19.50,0.00,0.00,'cartao','varejo','2019-06-30 17:23:33'),(115,2.00,2.00,0.00,0.00,'dinheiro','varejo','2019-06-30 17:25:25'),(116,2.90,3.00,0.10,0.00,'dinheiro','varejo','2019-06-30 17:26:37'),(117,9.00,9.00,0.00,0.00,'cartao','varejo','2019-06-30 17:37:06'),(118,23.50,25.00,1.50,0.00,'dinheiro','varejo','2019-06-30 17:43:05'),(119,9.00,50.00,41.00,0.00,'dinheiro','varejo','2019-06-30 17:53:48'),(120,0.60,0.75,0.15,0.00,'dinheiro','varejo','2019-06-30 17:56:53'),(121,12.40,50.00,37.60,0.00,'dinheiro','varejo','2019-06-30 18:25:23'),(122,21.00,50.00,29.00,0.00,'dinheiro','varejo','2019-06-30 18:34:14'),(123,5.00,5.00,0.00,0.00,'dinheiro','varejo','2019-06-30 18:34:42'),(124,0.20,0.20,0.00,0.00,'dinheiro','varejo','2019-06-30 18:43:57'),(125,2.50,2.50,0.00,0.00,'dinheiro','varejo','2019-06-30 18:49:25'),(126,17.00,20.00,3.00,0.00,'dinheiro','varejo','2019-06-30 18:52:58'),(127,8.00,8.00,0.00,0.00,'dinheiro','varejo','2019-06-30 18:55:04'),(128,15.00,15.00,0.00,0.00,'dinheiro','varejo','2019-06-30 18:56:04'),(129,3.00,3.00,0.00,0.00,'dinheiro','varejo','2019-06-30 19:03:04'),(130,7.00,7.00,0.00,0.00,'dinheiro','varejo','2019-06-30 19:04:32'),(131,18.00,50.00,32.00,0.00,'dinheiro','varejo','2019-06-30 19:05:12'),(132,6.00,6.00,0.00,0.00,'dinheiro','varejo','2019-06-30 19:11:07'),(133,2.25,2.25,0.00,0.00,'dinheiro','varejo','2019-06-30 19:13:49'),(134,19.50,20.00,0.50,0.00,'dinheiro','varejo','2019-06-30 19:20:42'),(135,0.60,0.60,0.00,0.00,'dinheiro','varejo','2019-06-30 19:21:45'),(136,3.00,3.00,0.00,0.00,'dinheiro','varejo','2019-07-01 14:57:13'),(137,26.00,26.00,0.00,0.00,'dinheiro','varejo','2019-07-01 14:58:47'),(138,1.50,1.50,0.00,0.00,'dinheiro','varejo','2019-07-01 15:03:31'),(139,23.75,23.75,0.00,0.00,'dinheiro','varejo','2019-07-01 15:21:11'),(140,1.50,1.50,0.00,0.00,'dinheiro','varejo','2019-07-01 15:23:45'),(141,57.00,57.00,0.00,0.00,'dinheiro','varejo','2019-07-01 16:18:58'),(142,1.50,2.00,0.50,0.00,'dinheiro','varejo','2019-07-01 16:44:10'),(143,5.00,5.00,0.00,0.00,'dinheiro','varejo','2019-07-01 16:48:38'),(144,0.50,2.00,1.50,0.00,'dinheiro','varejo','2019-07-01 16:58:26'),(145,1.50,2.00,0.50,0.00,'dinheiro','varejo','2019-07-01 17:20:12'),(146,30.00,30.00,0.00,0.00,'dinheiro','varejo','2019-07-01 17:27:33'),(147,2.00,2.00,0.00,0.00,'dinheiro','varejo','2019-07-01 17:27:54'),(148,13.00,13.00,0.00,0.00,'dinheiro','varejo','2019-07-01 17:59:50'),(149,21.00,21.00,0.00,0.00,'dinheiro','varejo','2019-07-01 18:03:14'),(150,15.00,15.00,0.00,0.00,'dinheiro','varejo','2019-07-01 18:21:38'),(151,1.25,1.25,0.00,0.00,'dinheiro','varejo','2019-07-01 18:21:53'),(152,15.00,15.00,0.00,0.00,'dinheiro','varejo','2019-07-01 18:39:58'),(153,18.00,18.00,0.00,0.00,'dinheiro','varejo','2019-07-01 18:40:36'),(154,3.00,3.00,0.00,0.00,'dinheiro','varejo','2019-07-01 18:53:01'),(155,8.50,8.50,0.00,0.00,'cartao','varejo','2019-07-01 19:00:35'),(156,15.00,15.00,0.00,0.00,'dinheiro','varejo','2019-07-01 19:18:02'),(157,15.00,20.00,5.00,0.00,'dinheiro','varejo','2019-07-01 19:20:29'),(158,16.10,20.00,3.90,0.00,'dinheiro','varejo','2019-07-01 19:27:33'),(159,12.50,12.50,0.00,0.00,'dinheiro','varejo','2019-07-01 19:33:01'),(160,9.00,10.00,1.00,0.00,'dinheiro','varejo','2019-07-02 14:48:13'),(161,12.90,20.00,7.10,0.00,'dinheiro','varejo','2019-07-02 15:16:17'),(162,5.00,5.00,0.00,0.00,'dinheiro','varejo','2019-07-02 15:16:46'),(163,14.00,14.00,0.00,0.00,'dinheiro','varejo','2019-07-02 15:18:24'),(164,5.00,5.00,0.00,0.00,'dinheiro','varejo','2019-07-02 15:24:16'),(165,5.00,5.00,0.00,0.00,'dinheiro','varejo','2019-07-02 16:01:37'),(166,2.00,2.00,0.00,0.00,'dinheiro','varejo','2019-07-02 16:33:19'),(167,7.50,10.00,2.50,0.00,'dinheiro','varejo','2019-07-02 16:39:50'),(168,10.00,10.00,0.00,0.00,'dinheiro','varejo','2019-07-02 16:40:18'),(169,4.80,5.00,0.20,0.00,'dinheiro','varejo','2019-07-02 16:42:32'),(170,1.00,2.00,1.00,0.00,'dinheiro','varejo','2019-07-02 16:43:08'),(171,1.00,1.00,0.00,0.00,'dinheiro','varejo','2019-07-02 16:43:27'),(172,9.25,10.00,0.75,0.00,'dinheiro','varejo','2019-07-02 17:13:59'),(173,3.75,4.00,0.25,0.00,'dinheiro','varejo','2019-07-02 17:31:44'),(174,15.00,13.95,0.00,1.05,'dinheiro','varejo','2019-07-02 17:49:44'),(175,44.00,43.00,0.00,1.00,'dinheiro','varejo','2019-07-02 17:54:56'),(176,46.50,46.50,0.00,0.00,'cartao','varejo','2019-07-02 18:01:54'),(177,50.50,50.00,0.00,0.50,'dinheiro','varejo','2019-07-02 18:03:13'),(178,24.00,24.00,0.00,0.00,'cartao','varejo','2019-07-02 18:03:39'),(179,5.00,5.00,0.00,0.00,'dinheiro','varejo','2019-07-02 18:04:08'),(180,20.00,20.00,0.00,0.00,'dinheiro','varejo','2019-07-02 18:04:46'),(181,7.00,7.00,0.00,0.00,'dinheiro','varejo','2019-07-02 18:10:10'),(182,21.00,21.00,0.00,0.00,'cartao','varejo','2019-07-02 18:21:14'),(183,10.75,11.00,0.25,0.00,'dinheiro','varejo','2019-07-02 18:53:33'),(184,1.25,1.25,0.00,0.00,'dinheiro','varejo','2019-07-02 18:54:18'),(185,6.00,6.00,0.00,0.00,'dinheiro','varejo','2019-07-02 19:19:01'),(186,7.20,10.00,2.80,0.00,'dinheiro','varejo','2019-07-02 19:21:32'),(187,2.00,2.00,0.00,0.00,'dinheiro','varejo','2019-07-02 19:24:22'),(188,4.00,4.00,0.00,0.00,'dinheiro','varejo','2019-07-02 19:40:05'),(189,2.50,2.50,0.00,0.00,'dinheiro','varejo','2019-07-02 20:29:01'),(190,2.50,2.50,0.00,0.00,'dinheiro','varejo','2019-07-03 16:41:28'),(191,7.65,7.65,0.00,0.00,'dinheiro','varejo','2019-07-03 16:54:01'),(192,3.00,3.00,0.00,0.00,'dinheiro','varejo','2019-07-03 16:54:15'),(193,4.50,4.50,0.00,0.00,'dinheiro','varejo','2019-07-03 16:54:56'),(194,25.00,25.00,0.00,0.00,'cartao','varejo','2019-07-03 17:37:06'),(195,6.00,10.00,4.00,0.00,'dinheiro','varejo','2019-07-03 17:53:56'),(196,1.50,1.50,0.00,0.00,'dinheiro','varejo','2019-07-03 18:18:36'),(197,5.00,5.00,0.00,0.00,'dinheiro','varejo','2019-07-03 18:27:45'),(198,2.00,2.00,0.00,0.00,'dinheiro','varejo','2019-07-03 18:28:39'),(199,12.00,12.00,0.00,0.00,'dinheiro','varejo','2019-07-03 19:12:55'),(200,3.00,10.00,7.00,0.00,'dinheiro','varejo','2019-07-03 19:18:36'),(201,30.00,50.00,20.00,0.00,'dinheiro','varejo','2019-07-04 15:09:21'),(202,3.00,3.00,0.00,0.00,'dinheiro','varejo','2019-07-06 14:35:21'),(203,2.20,2.20,0.00,0.00,'dinheiro','varejo','2019-07-06 14:36:24'),(204,4.00,4.00,0.00,0.00,'dinheiro','varejo','2019-07-06 14:39:04'),(205,3.00,3.00,0.00,0.00,'dinheiro','varejo','2019-07-06 15:05:53'),(206,0.50,0.50,0.00,0.00,'dinheiro','varejo','2019-07-06 15:06:12'),(207,15.00,15.00,0.00,0.00,'dinheiro','varejo','2019-07-06 15:15:42'),(208,25.00,25.00,0.00,0.00,'dinheiro','varejo','2019-07-06 15:31:16'),(209,1.80,1.80,0.00,0.00,'dinheiro','varejo','2019-07-06 15:32:30'),(210,3.00,20.00,17.00,0.00,'dinheiro','varejo','2019-07-06 15:33:49'),(211,1.20,2.00,0.80,0.00,'dinheiro','varejo','2019-07-06 15:43:54'),(212,22.50,22.50,0.00,0.00,'cartao','varejo','2019-07-06 16:18:12'),(213,15.00,50.00,35.00,0.00,'dinheiro','varejo','2019-07-06 16:34:54'),(214,8.00,20.00,12.00,0.00,'dinheiro','varejo','2019-07-06 16:35:52'),(215,3.00,3.00,0.00,0.00,'dinheiro','varejo','2019-07-06 16:45:25'),(216,20.40,50.00,29.60,0.00,'dinheiro','varejo','2019-07-06 18:32:45'),(217,13.25,15.00,1.75,0.00,'dinheiro','varejo','2019-07-06 18:41:24'),(218,24.20,25.00,0.80,0.00,'dinheiro','varejo','2019-07-06 18:44:51'),(219,15.00,20.00,5.00,0.00,'dinheiro','varejo','2019-07-06 19:21:37'),(220,20.00,20.00,0.00,0.00,'cartao','varejo','2019-07-06 19:26:51'),(221,21.00,21.00,0.00,0.00,'dinheiro','varejo','2019-07-06 19:56:22'),(222,4.00,50.00,46.00,0.00,'dinheiro','varejo','2019-07-06 19:57:33'),(223,22.50,22.50,0.00,0.00,'dinheiro','varejo','2019-07-06 20:00:58'),(224,12.00,12.00,0.00,0.00,'dinheiro','varejo','2019-07-06 20:21:54'),(225,1.50,2.00,0.50,0.00,'dinheiro','varejo','2019-07-06 20:22:14'),(226,5.00,5.00,0.00,0.00,'dinheiro','varejo','2019-07-06 20:22:41'),(227,11.30,11.30,0.00,0.00,'dinheiro','varejo','2019-07-07 16:50:14'),(228,18.00,18.00,0.00,0.00,'dinheiro','varejo','2019-07-08 15:16:52'),(229,5.00,5.00,0.00,0.00,'dinheiro','varejo','2019-07-08 15:36:55'),(230,3.00,3.00,0.00,0.00,'dinheiro','varejo','2019-07-08 17:00:50'),(231,15.00,15.00,0.00,0.00,'dinheiro','varejo','2019-07-08 17:01:05'),(232,19.75,19.75,0.00,0.00,'dinheiro','varejo','2019-07-08 17:34:41'),(233,5.50,6.00,0.50,0.00,'dinheiro','varejo','2019-07-08 17:51:21'),(234,7.50,7.50,0.00,0.00,'dinheiro','varejo','2019-07-08 17:56:03'),(235,28.00,50.00,22.00,0.00,'dinheiro','varejo','2019-07-08 18:53:38'),(236,25.50,27.00,1.50,0.00,'dinheiro','varejo','2019-07-08 19:09:50'),(237,1.25,1.25,0.00,0.00,'dinheiro','varejo','2019-07-08 19:48:01'),(238,1.00,1.00,0.00,0.00,'dinheiro','varejo','2019-07-08 19:51:48'),(239,12.00,12.00,0.00,0.00,'dinheiro','varejo','2019-07-08 19:54:31'),(240,5.60,5.60,0.00,0.00,'dinheiro','varejo','2019-07-08 20:33:39'),(241,56.00,60.00,4.00,0.00,'dinheiro','varejo','2019-07-09 15:02:52'),(242,18.00,18.00,0.00,0.00,'dinheiro','varejo','2019-07-09 15:31:24'),(243,13.00,20.00,7.00,0.00,'dinheiro','varejo','2019-07-09 15:32:01'),(244,1.50,20.00,18.50,0.00,'dinheiro','varejo','2019-07-09 15:41:27'),(245,17.50,20.00,2.50,0.00,'dinheiro','varejo','2019-07-09 15:52:06'),(246,20.10,20.10,0.00,0.00,'dinheiro','varejo','2019-07-09 15:54:48'),(247,4.50,5.00,0.50,0.00,'dinheiro','varejo','2019-07-09 15:55:42'),(248,10.00,10.00,0.00,0.00,'dinheiro','varejo','2019-07-09 16:11:22'),(249,16.00,16.00,0.00,0.00,'dinheiro','varejo','2019-07-09 16:25:31'),(250,92.50,95.00,2.50,0.00,'dinheiro','varejo','2019-07-09 16:45:30'),(251,32.00,32.00,0.00,0.00,'cartao','varejo','2019-07-09 16:46:58'),(252,9.00,9.00,0.00,0.00,'dinheiro','varejo','2019-07-09 17:07:13'),(253,10.00,10.00,0.00,0.00,'dinheiro','varejo','2019-07-09 17:12:19'),(254,12.00,12.00,0.00,0.00,'dinheiro','varejo','2019-07-09 17:12:35'),(255,12.00,12.00,0.00,0.00,'dinheiro','varejo','2019-07-09 17:26:32'),(256,4.90,20.00,15.10,0.00,'dinheiro','varejo','2019-07-09 17:35:43'),(257,8.00,10.00,2.00,0.00,'dinheiro','varejo','2019-07-09 17:57:55'),(258,18.20,20.00,1.80,0.00,'dinheiro','varejo','2019-07-09 18:11:01'),(259,5.30,5.30,0.00,0.00,'dinheiro','varejo','2019-07-09 18:19:24'),(260,4.00,4.00,0.00,0.00,'dinheiro','varejo','2019-07-09 18:19:36'),(261,33.00,33.00,0.00,0.00,'dinheiro','varejo','2019-07-09 18:41:11'),(262,18.50,18.50,0.00,0.00,'dinheiro','varejo','2019-07-09 19:20:57'),(263,26.50,26.50,0.00,0.00,'cartao','varejo','2019-07-09 19:58:04'),(264,70.00,70.00,0.00,0.00,'dinheiro','varejo','2019-07-10 16:06:43'),(265,3.60,5.00,1.40,0.00,'dinheiro','varejo','2019-07-10 18:18:10'),(266,3.00,3.00,0.00,0.00,'dinheiro','varejo','2019-07-10 18:53:57'),(267,10.00,10.00,0.00,0.00,'dinheiro','varejo','2019-07-10 18:54:41'),(268,0.60,0.60,0.00,0.00,'dinheiro','varejo','2019-07-10 18:55:04'),(269,1.50,1.50,0.00,0.00,'dinheiro','varejo','2019-07-10 18:55:30'),(270,6.00,0.60,0.00,5.40,'dinheiro','varejo','2019-07-10 19:08:56'),(271,2.00,2.00,0.00,0.00,'dinheiro','varejo','2019-07-10 19:09:22'),(272,95.00,95.00,0.00,0.00,'dinheiro','varejo','2019-07-10 19:51:09'),(273,6.20,20.00,13.80,0.00,'dinheiro','varejo','2019-07-10 19:55:13'),(274,8.00,8.00,0.00,0.00,'dinheiro','varejo','2019-07-10 19:55:50'),(275,3.70,10.00,6.30,0.00,'dinheiro','varejo','2019-07-11 15:32:28'),(276,6.00,6.00,0.00,0.00,'dinheiro','varejo','2019-07-11 17:27:21'),(277,6.50,20.00,13.50,0.00,'dinheiro','varejo','2019-07-11 17:35:05'),(278,15.00,15.00,0.00,0.00,'dinheiro','varejo','2019-07-11 18:06:53'),(279,20.80,20.80,0.00,0.00,'cartao','varejo','2019-07-11 18:35:03'),(280,3.00,3.00,0.00,0.00,'dinheiro','varejo','2019-07-11 18:35:43'),(281,9.00,9.00,0.00,0.00,'dinheiro','varejo','2019-07-11 18:36:23'),(282,4.00,10.00,6.00,0.00,'dinheiro','varejo','2019-07-11 19:04:20'),(283,9.00,50.00,41.00,0.00,'dinheiro','varejo','2019-07-11 19:05:55'),(284,3.00,5.00,2.00,0.00,'dinheiro','varejo','2019-07-11 19:29:49'),(285,6.95,7.00,0.05,0.00,'dinheiro','varejo','2019-07-11 19:30:53'),(286,15.00,15.00,0.00,0.00,'dinheiro','varejo','2019-07-12 15:59:47'),(287,26.25,51.00,24.75,0.00,'dinheiro','varejo','2019-07-12 16:41:41'),(288,23.90,50.00,26.10,0.00,'dinheiro','varejo','2019-07-12 17:03:33'),(289,7.00,7.00,0.00,0.00,'dinheiro','varejo','2019-07-12 17:07:13'),(290,13.00,13.00,0.00,0.00,'dinheiro','varejo','2019-07-12 17:27:16'),(291,3.00,3.00,0.00,0.00,'dinheiro','varejo','2019-07-12 17:28:35'),(292,3.50,4.00,0.50,0.00,'dinheiro','varejo','2019-07-12 17:36:27'),(293,3.00,3.00,0.00,0.00,'dinheiro','varejo','2019-07-12 17:37:21'),(294,4.50,3.00,0.00,1.50,'dinheiro','varejo','2019-07-12 18:06:11'),(295,1.50,1.50,0.00,0.00,'dinheiro','varejo','2019-07-12 18:20:34'),(296,5.80,5.80,0.00,0.00,'dinheiro','varejo','2019-07-12 18:31:05'),(297,33.50,33.50,0.00,0.00,'cartao','varejo','2019-07-12 19:26:09'),(298,1.00,1.00,0.00,0.00,'dinheiro','varejo','2019-07-12 19:26:23'),(299,6.40,10.00,3.60,0.00,'dinheiro','varejo','2019-07-12 19:33:41'),(300,31.10,31.10,0.00,0.00,'dinheiro','varejo','2019-07-13 14:28:17'),(301,21.50,21.59,0.09,0.00,'cartao','varejo','2019-07-13 14:31:53'),(302,10.40,10.40,0.00,0.00,'dinheiro','varejo','2019-07-13 14:35:29'),(303,2.00,2.00,0.00,0.00,'dinheiro','varejo','2019-07-13 14:45:22'),(304,0.50,0.50,0.00,0.00,'dinheiro','varejo','2019-07-13 15:01:37'),(305,2.40,2.40,0.00,0.00,'dinheiro','varejo','2019-07-13 15:14:40'),(306,5.75,7.00,1.25,0.00,'dinheiro','varejo','2019-07-13 15:17:03'),(307,5.25,50.25,45.00,0.00,'dinheiro','varejo','2019-07-13 15:19:26'),(308,69.60,100.00,30.40,0.00,'dinheiro','varejo','2019-07-13 15:28:33'),(309,5.50,5.50,0.00,0.00,'dinheiro','varejo','2019-07-13 15:38:43'),(310,3.00,3.00,0.00,0.00,'dinheiro','varejo','2019-07-13 15:41:00'),(311,1.50,1.50,0.00,0.00,'dinheiro','varejo','2019-07-13 15:41:58'),(312,70.00,7.00,0.00,63.00,'dinheiro','varejo','2019-07-13 16:37:22'),(313,52.50,70.00,17.50,0.00,'dinheiro','varejo','2019-07-13 16:39:46'),(314,1.50,2.00,0.50,0.00,'dinheiro','varejo','2019-07-13 16:39:58'),(315,3.80,5.00,1.20,0.00,'dinheiro','varejo','2019-07-13 16:51:02'),(316,9.75,10.00,0.25,0.00,'dinheiro','varejo','2019-07-13 16:54:23'),(317,1.80,2.00,0.20,0.00,'dinheiro','varejo','2019-07-13 16:58:31'),(318,3.00,3.00,0.00,0.00,'dinheiro','varejo','2019-07-13 16:59:04'),(319,46.50,50.00,3.50,0.00,'dinheiro','varejo','2019-07-13 17:02:12'),(320,27.50,27.50,0.00,0.00,'dinheiro','varejo','2019-07-13 17:23:28'),(321,3.60,4.00,0.40,0.00,'dinheiro','varejo','2019-07-13 17:24:02'),(322,4.00,5.00,1.00,0.00,'dinheiro','varejo','2019-07-13 17:24:37'),(323,2.50,2.50,0.00,0.00,'dinheiro','varejo','2019-07-13 17:30:03'),(324,3.50,3.50,0.00,0.00,'dinheiro','varejo','2019-07-13 17:35:49'),(325,63.50,63.50,0.00,0.00,'cartao','varejo','2019-07-13 17:40:27'),(326,50.90,50.00,0.00,0.90,'dinheiro','varejo','2019-07-13 18:00:36'),(327,2.00,2.00,0.00,0.00,'dinheiro','varejo','2019-07-13 18:21:43'),(328,3.00,10.00,7.00,0.00,'dinheiro','varejo','2019-07-13 18:26:00'),(329,16.25,20.00,3.75,0.00,'dinheiro','varejo','2019-07-13 18:30:45'),(330,1.50,1.50,0.00,0.00,'dinheiro','varejo','2019-07-13 18:31:24'),(331,1.50,2.00,0.50,0.00,'dinheiro','varejo','2019-07-13 18:38:45'),(332,3.00,3.00,0.00,0.00,'cartao','varejo','2019-07-13 18:44:56'),(333,1.00,1.00,0.00,0.00,'cartao','varejo','2019-07-13 18:45:52'),(334,3.00,5.00,2.00,0.00,'dinheiro','varejo','2019-07-13 19:30:56'),(335,4.80,5.00,0.20,0.00,'dinheiro','varejo','2019-07-13 19:33:46'),(336,5.00,5.00,0.00,0.00,'dinheiro','varejo','2019-07-13 19:37:42'),(337,3.00,3.00,0.00,0.00,'dinheiro','varejo','2019-07-13 19:40:19'),(338,4.90,5.00,0.10,0.00,'dinheiro','varejo','2019-07-13 19:51:24'),(339,4.50,4.50,0.00,0.00,'dinheiro','varejo','2019-07-13 19:51:49'),(340,25.60,25.60,0.00,0.00,'cartao','varejo','2019-07-14 15:07:32'),(341,2.00,2.00,0.00,0.00,'dinheiro','varejo','2019-07-14 15:12:51'),(342,20.00,20.00,0.00,0.00,'dinheiro','varejo','2019-07-14 15:17:21'),(343,47.00,47.00,0.00,0.00,'cartao','varejo','2019-07-14 15:18:23'),(344,2.95,2.95,0.00,0.00,'dinheiro','varejo','2019-07-14 15:19:47'),(345,11.00,12.00,1.00,0.00,'dinheiro','varejo','2019-07-14 15:25:08'),(346,11.00,10.50,0.00,0.50,'dinheiro','varejo','2019-07-14 15:26:57'),(347,3.00,3.00,0.00,0.00,'dinheiro','varejo','2019-07-14 15:39:01'),(348,50.00,40.00,0.00,10.00,'dinheiro','varejo','2019-07-14 15:46:58'),(349,0.50,0.50,0.00,0.00,'dinheiro','varejo','2019-07-14 15:47:12'),(350,12.50,50.00,37.50,0.00,'dinheiro','varejo','2019-07-14 15:52:33'),(351,4.00,4.00,0.00,0.00,'dinheiro','varejo','2019-07-14 15:55:49'),(352,15.00,15.00,0.00,0.00,'dinheiro','varejo','2019-07-14 16:03:14'),(353,50.50,100.00,49.50,0.00,'dinheiro','varejo','2019-07-14 16:04:15'),(354,19.50,19.50,0.00,0.00,'cartao','varejo','2019-07-14 16:18:19'),(355,17.75,20.00,2.25,0.00,'dinheiro','varejo','2019-07-14 16:18:53'),(356,28.50,50.00,21.50,0.00,'dinheiro','varejo','2019-07-14 16:22:59'),(357,1.25,2.00,0.75,0.00,'dinheiro','varejo','2019-07-14 16:26:07'),(358,7.25,7.25,0.00,0.00,'dinheiro','varejo','2019-07-14 16:28:19'),(359,60.00,60.00,0.00,0.00,'cartao','varejo','2019-07-14 16:32:27'),(360,35.00,35.00,0.00,0.00,'cartao','varejo','2019-07-14 16:34:06'),(361,4.20,4.00,0.00,0.20,'dinheiro','varejo','2019-07-14 16:35:46'),(362,1.00,1.00,0.00,0.00,'dinheiro','varejo','2019-07-14 16:37:18'),(363,6.70,6.70,0.00,0.00,'dinheiro','varejo','2019-07-14 16:39:57'),(364,1.00,1.00,0.00,0.00,'dinheiro','varejo','2019-07-14 16:47:53'),(365,51.00,52.00,1.00,0.00,'dinheiro','varejo','2019-07-14 16:48:52'),(366,3.30,3.50,0.20,0.00,'dinheiro','varejo','2019-07-14 16:51:06'),(367,15.00,15.00,0.00,0.00,'dinheiro','varejo','2019-07-14 16:56:29'),(368,16.00,16.00,0.00,0.00,'dinheiro','varejo','2019-07-14 16:57:15'),(369,62.10,64.00,1.90,0.00,'dinheiro','varejo','2019-07-14 17:15:02'),(370,0.60,0.60,0.00,0.00,'dinheiro','varejo','2019-07-14 17:16:06'),(371,2.00,2.00,0.00,0.00,'dinheiro','varejo','2019-07-14 17:17:00'),(372,7.00,7.00,0.00,0.00,'dinheiro','varejo','2019-07-14 17:19:41'),(373,34.50,34.50,0.00,0.00,'cartao','varejo','2019-07-14 17:32:07'),(374,22.50,24.00,1.50,0.00,'dinheiro','varejo','2019-07-14 17:34:15'),(375,3.50,3.50,0.00,0.00,'dinheiro','varejo','2019-07-14 17:34:31'),(376,9.00,10.00,1.00,0.00,'dinheiro','varejo','2019-07-14 17:37:49'),(377,64.50,70.00,5.50,0.00,'dinheiro','varejo','2019-07-14 17:47:59'),(378,77.00,77.00,0.00,0.00,'cartao','varejo','2019-07-14 17:51:41'),(379,3.00,4.00,1.00,0.00,'dinheiro','varejo','2019-07-14 17:53:23'),(380,4.25,4.25,0.00,0.00,'dinheiro','varejo','2019-07-14 17:57:08'),(381,12.30,12.30,0.00,0.00,'cartao','varejo','2019-07-14 17:57:22'),(382,3.00,3.00,0.00,0.00,'dinheiro','varejo','2019-07-14 17:59:13'),(383,15.00,15.00,0.00,0.00,'cartao','varejo','2019-07-14 17:59:41'),(384,9.65,9.65,0.00,0.00,'dinheiro','varejo','2019-07-14 18:02:23'),(385,1.50,1.50,0.00,0.00,'dinheiro','varejo','2019-07-14 18:03:29'),(386,3.00,3.00,0.00,0.00,'dinheiro','varejo','2019-07-14 18:04:27'),(387,12.50,30.50,18.00,0.00,'dinheiro','varejo','2019-07-14 18:05:03'),(388,9.50,9.50,0.00,0.00,'cartao','varejo','2019-07-14 18:10:36'),(389,29.50,30.00,0.50,0.00,'dinheiro','varejo','2019-07-14 18:18:54'),(390,41.00,41.00,0.00,0.00,'cartao','varejo','2019-07-14 18:21:13'),(391,20.00,20.00,0.00,0.00,'dinheiro','varejo','2019-07-14 18:24:01'),(392,2.25,2.00,0.00,0.25,'dinheiro','varejo','2019-07-14 18:25:54'),(393,16.00,16.00,0.00,0.00,'dinheiro','varejo','2019-07-14 18:50:23'),(394,12.00,12.00,0.00,0.00,'dinheiro','varejo','2019-07-14 18:52:25'),(395,10.00,50.00,40.00,0.00,'dinheiro','varejo','2019-07-14 19:05:50'),(396,30.00,30.00,0.00,0.00,'cartao','varejo','2019-07-14 19:08:56'),(397,4.00,4.00,0.00,0.00,'cartao','varejo','2019-07-14 19:13:30'),(398,21.10,21.00,0.00,0.10,'dinheiro','varejo','2019-07-14 19:33:16'),(399,11.00,11.00,0.00,0.00,'dinheiro','varejo','2019-07-14 19:34:07'),(400,3.10,3.00,0.00,0.10,'dinheiro','varejo','2019-07-14 19:40:05'),(401,4.00,4.00,0.00,0.00,'dinheiro','varejo','2019-07-15 15:13:48'),(402,5.50,5.50,0.00,0.00,'dinheiro','varejo','2019-07-15 15:48:47'),(403,4.50,4.50,0.00,0.00,'dinheiro','varejo','2019-07-15 16:16:24'),(404,20.30,20.00,0.00,0.30,'dinheiro','varejo','2019-07-15 16:44:27'),(405,18.50,18.50,0.00,0.00,'cartao','varejo','2019-07-15 16:52:20'),(406,13.00,53.00,40.00,0.00,'dinheiro','varejo','2019-07-15 16:53:55'),(407,15.00,15.00,0.00,0.00,'cartao','varejo','2019-07-15 17:39:28'),(408,18.00,17.50,0.00,0.50,'dinheiro','varejo','2019-07-15 17:45:34'),(409,5.00,4.50,0.00,0.50,'dinheiro','varejo','2019-07-15 18:08:56'),(410,3.00,2.95,0.00,0.05,'dinheiro','varejo','2019-07-15 18:32:16'),(411,25.50,25.00,0.00,0.50,'dinheiro','varejo','2019-07-15 18:51:56'),(412,25.50,25.00,0.00,0.50,'dinheiro','varejo','2019-07-15 18:51:56'),(413,5.00,5.00,0.00,0.00,'dinheiro','varejo','2019-07-15 19:08:19'),(414,5.00,5.00,0.00,0.00,'dinheiro','varejo','2019-07-15 19:08:43'),(415,6.00,7.00,1.00,0.00,'dinheiro','varejo','2019-07-15 19:25:05'),(416,8.00,20.00,12.00,0.00,'dinheiro','varejo','2019-07-15 19:32:58'),(417,15.00,15.00,0.00,0.00,'cartao','varejo','2019-07-15 19:37:01'),(418,15.00,15.00,0.00,0.00,'dinheiro','varejo','2019-07-15 19:38:18'),(419,50.00,55.00,5.00,0.00,'dinheiro','varejo','2019-07-15 20:13:29'),(420,33.50,50.00,16.50,0.00,'dinheiro','varejo','2019-07-16 16:47:17'),(421,10.00,10.00,0.00,0.00,'dinheiro','varejo','2019-07-16 18:38:14'),(422,20.00,20.00,0.00,0.00,'dinheiro','varejo','2019-07-17 16:10:57'),(423,2.00,2.00,0.00,0.00,'dinheiro','varejo','2019-07-17 17:16:28'),(424,9.00,10.00,1.00,0.00,'dinheiro','varejo','2019-07-17 17:23:59'),(425,4.50,4.50,0.00,0.00,'dinheiro','varejo','2019-07-17 17:41:47'),(426,1.00,5.00,4.00,0.00,'dinheiro','varejo','2019-07-17 18:04:19'),(427,1.00,10.09,9.09,0.00,'dinheiro','varejo','2019-07-17 18:04:53'),(428,27.50,27.00,0.00,0.50,'dinheiro','varejo','2019-07-17 18:11:10'),(429,1.50,1.50,0.00,0.00,'dinheiro','varejo','2019-07-17 18:40:42'),(430,10.00,20.00,10.00,0.00,'dinheiro','varejo','2019-07-17 18:58:09'),(431,16.00,16.00,0.00,0.00,'dinheiro','varejo','2019-07-17 18:59:05'),(432,50.00,50.00,0.00,0.00,'cartao','varejo','2019-07-17 19:23:43'),(433,1.00,1.00,0.00,0.00,'dinheiro','varejo','2019-07-17 19:23:58'),(434,2.00,2.00,0.00,0.00,'dinheiro','varejo','2019-07-17 19:37:03'),(435,71.60,71.60,0.00,0.00,'cartao','varejo','2019-07-17 20:47:26'),(436,10.50,10.50,0.00,0.00,'dinheiro','varejo','2019-07-18 16:37:47'),(437,4.80,5.00,0.20,0.00,'dinheiro','varejo','2019-07-18 17:07:46'),(438,15.00,15.00,0.00,0.00,'dinheiro','varejo','2019-07-18 17:16:49'),(439,20.00,20.00,0.00,0.00,'dinheiro','varejo','2019-07-18 17:21:55'),(440,2.20,2.00,0.00,0.20,'dinheiro','varejo','2019-07-18 17:47:22'),(441,3.00,3.00,0.00,0.00,'dinheiro','varejo','2019-07-18 17:48:13'),(442,25.00,30.00,5.00,0.00,'dinheiro','varejo','2019-07-18 17:53:57'),(443,11.90,11.90,0.00,0.00,'dinheiro','varejo','2019-07-18 18:05:15'),(444,20.00,20.00,0.00,0.00,'cartao','varejo','2019-07-18 18:07:29'),(445,1.00,1.00,0.00,0.00,'dinheiro','varejo','2019-07-18 18:13:51'),(446,24.50,24.00,0.00,0.50,'dinheiro','varejo','2019-07-18 18:30:45'),(447,3.00,3.00,0.00,0.00,'dinheiro','varejo','2019-07-18 18:30:57'),(448,16.80,50.00,33.20,0.00,'dinheiro','varejo','2019-07-18 18:32:22'),(449,4.20,4.50,0.30,0.00,'dinheiro','varejo','2019-07-18 18:34:03'),(450,0.50,0.50,0.00,0.00,'dinheiro','varejo','2019-07-18 19:15:37'),(451,7.00,7.00,0.00,0.00,'cartao','varejo','2019-07-18 19:34:35'),(452,1.50,1.50,0.00,0.00,'dinheiro','varejo','2019-07-19 15:23:20'),(453,4.20,4.20,0.00,0.00,'dinheiro','varejo','2019-07-19 15:45:22'),(454,27.00,27.00,0.00,0.00,'cartao','varejo','2019-07-19 17:18:13'),(455,2.25,5.00,2.75,0.00,'dinheiro','varejo','2019-07-19 17:28:39'),(456,4.50,4.50,0.00,0.00,'cartao','varejo','2019-07-19 18:26:36'),(457,3.00,3.00,0.00,0.00,'dinheiro','varejo','2019-07-19 18:33:40'),(458,8.00,7.00,0.00,1.00,'dinheiro','varejo','2019-07-19 19:05:02'),(459,6.00,10.00,4.00,0.00,'dinheiro','varejo','2019-07-19 19:08:41'),(460,51.00,52.00,1.00,0.00,'dinheiro','varejo','2019-07-19 19:23:39'),(461,15.00,15.00,0.00,0.00,'cartao','varejo','2019-07-19 19:24:05'),(462,4.00,4.00,0.00,0.00,'dinheiro','varejo','2019-07-19 19:28:58'),(463,20.30,20.00,0.00,0.30,'cartao','varejo','2019-07-19 19:36:00'),(464,2.50,2.50,0.00,0.00,'dinheiro','varejo','2019-07-19 20:13:17'),(465,1.00,1.00,0.00,0.00,'dinheiro','varejo','2019-07-19 20:13:37'),(466,4.40,5.00,0.60,0.00,'dinheiro','varejo','2019-07-20 14:32:08'),(467,0.60,0.60,0.00,0.00,'dinheiro','varejo','2019-07-20 14:32:44'),(468,5.00,5.00,0.00,0.00,'dinheiro','varejo','2019-07-20 15:31:10'),(469,45.00,45.00,0.00,0.00,'dinheiro','varejo','2019-07-20 15:37:34'),(470,15.00,15.00,0.00,0.00,'dinheiro','varejo','2019-07-20 15:40:18'),(471,3.00,3.00,0.00,0.00,'dinheiro','varejo','2019-07-20 15:54:01'),(472,3.00,3.00,0.00,0.00,'dinheiro','varejo','2019-07-20 16:04:02'),(473,11.50,11.50,0.00,0.00,'dinheiro','varejo','2019-07-20 16:16:19'),(474,14.50,14.50,0.00,0.00,'dinheiro','varejo','2019-07-20 16:37:42'),(475,4.50,4.50,0.00,0.00,'dinheiro','varejo','2019-07-20 16:38:43'),(476,3.50,3.50,0.00,0.00,'dinheiro','varejo','2019-07-20 16:51:34'),(477,10.90,10.90,0.00,0.00,'cartao','varejo','2019-07-20 16:53:22'),(478,10.00,10.00,0.00,0.00,'dinheiro','varejo','2019-07-20 17:03:33'),(479,6.00,6.00,0.00,0.00,'dinheiro','varejo','2019-07-20 17:18:10'),(480,1.25,1.25,0.00,0.00,'dinheiro','varejo','2019-07-20 17:44:05'),(481,7.50,7.50,0.00,0.00,'dinheiro','varejo','2019-07-20 17:46:32'),(482,6.00,6.00,0.00,0.00,'cartao','varejo','2019-07-20 17:47:43'),(483,15.50,15.50,0.00,0.00,'dinheiro','varejo','2019-07-20 17:54:04'),(484,11.30,11.30,0.00,0.00,'dinheiro','varejo','2019-07-20 18:10:04'),(485,15.00,15.00,0.00,0.00,'dinheiro','varejo','2019-07-20 18:15:56'),(486,4.50,4.50,0.00,0.00,'dinheiro','varejo','2019-07-20 18:32:24'),(487,28.10,28.00,0.00,0.10,'dinheiro','varejo','2019-07-20 18:36:46'),(488,15.00,15.00,0.00,0.00,'dinheiro','varejo','2019-07-20 18:45:13'),(489,104.00,104.00,0.00,0.00,'dinheiro','atacado','2019-07-20 18:56:07'),(490,126.00,126.00,0.00,0.00,'dinheiro','atacado','2019-07-20 18:58:54'),(491,6.00,6.00,0.00,0.00,'cartao','varejo','2019-07-20 19:00:43'),(492,3.00,20.00,17.00,0.00,'dinheiro','varejo','2019-07-20 19:01:11'),(493,40.50,40.00,0.00,0.50,'dinheiro','varejo','2019-07-20 19:20:07'),(494,51.00,50.00,0.00,1.00,'dinheiro','varejo','2019-07-20 19:26:13'),(495,1.50,1.00,0.00,0.50,'dinheiro','varejo','2019-07-20 19:29:01'),(496,15.00,15.00,0.00,0.00,'dinheiro','varejo','2019-07-20 19:38:41'),(497,1.40,1.40,0.00,0.00,'dinheiro','varejo','2019-07-20 19:43:37'),(498,27.50,27.50,0.00,0.00,'cartao','varejo','2019-07-20 20:03:08'),(499,6.00,10.00,4.00,0.00,'dinheiro','varejo','2019-07-21 14:47:27'),(500,4.50,5.00,0.50,0.00,'dinheiro','varejo','2019-07-21 14:49:06'),(501,4.00,10.00,6.00,0.00,'dinheiro','varejo','2019-07-21 14:52:27'),(502,5.00,5.00,0.00,0.00,'dinheiro','varejo','2019-07-21 15:00:53'),(503,5.00,5.00,0.00,0.00,'dinheiro','varejo','2019-07-21 15:10:51'),(504,2.00,2.00,0.00,0.00,'dinheiro','varejo','2019-07-21 15:18:39'),(505,42.50,42.00,0.00,0.50,'dinheiro','varejo','2019-07-21 15:29:30'),(506,1.00,1.00,0.00,0.00,'dinheiro','varejo','2019-07-21 15:29:48'),(507,3.50,3.50,0.00,0.00,'dinheiro','varejo','2019-07-21 15:36:49'),(508,4.00,4.00,0.00,0.00,'dinheiro','varejo','2019-07-21 15:38:53'),(509,3.00,20.00,17.00,0.00,'dinheiro','varejo','2019-07-21 15:39:29'),(510,3.00,3.00,0.00,0.00,'dinheiro','varejo','2019-07-21 15:39:51'),(511,10.00,10.00,0.00,0.00,'dinheiro','varejo','2019-07-21 15:42:49'),(512,7.50,10.00,2.50,0.00,'dinheiro','varejo','2019-07-21 15:48:09'),(513,21.50,50.50,29.00,0.00,'dinheiro','varejo','2019-07-21 15:55:20'),(514,5.00,20.00,15.00,0.00,'dinheiro','varejo','2019-07-21 15:57:00'),(515,3.00,20.00,17.00,0.00,'dinheiro','varejo','2019-07-21 16:00:38'),(516,4.00,5.00,1.00,0.00,'dinheiro','varejo','2019-07-21 16:18:34'),(517,2.00,2.00,0.00,0.00,'dinheiro','varejo','2019-07-21 16:19:47'),(518,4.50,50.00,45.50,0.00,'dinheiro','varejo','2019-07-21 16:20:33'),(519,20.00,20.00,0.00,0.00,'dinheiro','varejo','2019-07-21 16:41:25'),(520,14.50,50.00,35.50,0.00,'dinheiro','varejo','2019-07-21 16:45:26'),(521,4.70,50.00,45.30,0.00,'dinheiro','varejo','2019-07-21 16:48:17'),(522,18.00,20.00,2.00,0.00,'dinheiro','varejo','2019-07-21 16:53:57'),(523,1.50,5.00,3.50,0.00,'dinheiro','varejo','2019-07-21 17:02:05'),(524,15.00,20.00,5.00,0.00,'dinheiro','varejo','2019-07-21 17:03:11'),(525,10.00,50.00,40.00,0.00,'dinheiro','varejo','2019-07-21 17:10:05'),(526,13.10,13.00,0.00,0.10,'dinheiro','varejo','2019-07-21 17:13:52'),(527,57.40,60.00,2.60,0.00,'dinheiro','varejo','2019-07-21 17:15:25'),(528,3.75,3.00,0.00,0.75,'cartao','varejo','2019-07-21 17:18:29'),(529,15.00,20.00,5.00,0.00,'dinheiro','varejo','2019-07-21 17:19:34'),(530,4.00,4.00,0.00,0.00,'dinheiro','varejo','2019-07-21 17:19:53'),(531,16.50,16.50,0.00,0.00,'dinheiro','varejo','2019-07-21 17:20:20'),(532,10.50,10.50,0.00,0.00,'dinheiro','varejo','2019-07-21 17:21:22'),(533,8.00,8.00,0.00,0.00,'dinheiro','varejo','2019-07-21 17:25:55'),(534,6.00,6.00,0.00,0.00,'dinheiro','varejo','2019-07-21 17:29:11'),(535,2.50,2.50,0.00,0.00,'dinheiro','varejo','2019-07-21 17:39:38'),(536,5.00,5.00,0.00,0.00,'dinheiro','varejo','2019-07-21 17:51:11'),(537,5.00,10.00,5.00,0.00,'dinheiro','varejo','2019-07-21 17:59:12'),(538,7.50,8.00,0.50,0.00,'dinheiro','varejo','2019-07-21 18:18:08'),(539,103.10,103.10,0.00,0.00,'cartao','varejo','2019-07-21 18:29:21'),(540,45.50,45.50,0.00,0.00,'dinheiro','varejo','2019-07-21 18:34:40'),(541,12.90,14.00,1.10,0.00,'dinheiro','varejo','2019-07-21 18:41:17'),(542,3.50,3.50,0.00,0.00,'dinheiro','varejo','2019-07-21 18:42:54'),(543,19.00,20.00,1.00,0.00,'dinheiro','varejo','2019-07-21 18:43:45'),(544,9.00,50.00,41.00,0.00,'dinheiro','varejo','2019-07-21 18:44:05'),(545,3.00,3.00,0.00,0.00,'dinheiro','varejo','2019-07-21 18:45:49'),(546,15.50,15.50,0.00,0.00,'dinheiro','varejo','2019-07-21 18:47:09'),(547,1.25,2.00,0.75,0.00,'dinheiro','varejo','2019-07-21 18:48:55'),(548,2.00,2.00,0.00,0.00,'dinheiro','varejo','2019-07-21 19:07:56'),(549,14.00,14.00,0.00,0.00,'dinheiro','varejo','2019-07-21 19:10:19'),(550,27.00,50.00,23.00,0.00,'dinheiro','varejo','2019-07-21 19:34:15'),(551,5.40,5.40,0.00,0.00,'dinheiro','varejo','2019-07-21 19:35:14'),(552,30.40,30.40,0.00,0.00,'dinheiro','varejo','2019-07-22 15:42:14'),(553,5.50,5.50,0.00,0.00,'dinheiro','varejo','2019-07-22 15:42:26'),(554,12.00,12.00,0.00,0.00,'dinheiro','varejo','2019-07-22 15:58:23'),(555,52.50,50.00,0.00,2.50,'dinheiro','varejo','2019-07-22 16:05:03'),(556,1.00,1.00,0.00,0.00,'dinheiro','varejo','2019-07-22 16:06:01'),(557,12.10,50.00,37.90,0.00,'dinheiro','varejo','2019-07-22 16:24:23'),(558,3.00,3.00,0.00,0.00,'cartao','varejo','2019-07-22 16:27:25'),(559,38.00,38.00,0.00,0.00,'cartao','varejo','2019-07-22 16:37:00'),(560,9.10,9.10,0.00,0.00,'dinheiro','varejo','2019-07-22 16:39:54'),(561,3.50,3.50,0.00,0.00,'dinheiro','varejo','2019-07-22 16:42:06'),(562,2.50,4.00,1.50,0.00,'dinheiro','varejo','2019-07-22 16:50:57'),(563,6.00,10.00,4.00,0.00,'dinheiro','varejo','2019-07-22 16:52:00'),(564,17.00,20.00,3.00,0.00,'dinheiro','varejo','2019-07-22 16:54:47'),(565,4.50,4.50,0.00,0.00,'dinheiro','varejo','2019-07-22 16:54:53'),(566,3.50,10.00,6.50,0.00,'dinheiro','varejo','2019-07-22 17:21:54'),(567,5.50,10.00,4.50,0.00,'dinheiro','varejo','2019-07-22 17:28:50'),(568,6.25,6.25,0.00,0.00,'dinheiro','varejo','2019-07-22 17:31:30'),(569,5.00,5.00,0.00,0.00,'dinheiro','varejo','2019-07-22 17:40:39'),(570,1.50,1.50,0.00,0.00,'dinheiro','varejo','2019-07-22 17:43:31'),(571,6.00,6.00,0.00,0.00,'cartao','varejo','2019-07-22 17:45:52'),(572,5.00,6.00,1.00,0.00,'dinheiro','varejo','2019-07-22 17:52:28'),(573,15.00,20.00,5.00,0.00,'dinheiro','varejo','2019-07-22 17:58:27'),(574,15.00,15.00,0.00,0.00,'dinheiro','varejo','2019-07-22 18:02:04'),(575,12.00,12.00,0.00,0.00,'cartao','varejo','2019-07-22 18:24:15'),(576,10.00,10.00,0.00,0.00,'cartao','varejo','2019-07-22 18:27:32'),(577,0.50,0.50,0.00,0.00,'dinheiro','varejo','2019-07-22 18:29:08'),(578,3.00,3.00,0.00,0.00,'dinheiro','varejo','2019-07-22 18:31:34'),(579,2.50,3.00,0.50,0.00,'dinheiro','varejo','2019-07-22 18:39:17'),(580,27.50,27.50,0.00,0.00,'dinheiro','varejo','2019-07-22 19:25:44'),(581,1.50,20.00,18.50,0.00,'dinheiro','varejo','2019-07-22 19:26:36'),(582,535.50,535.50,0.00,0.00,'dinheiro','atacado','2019-07-22 19:29:11'),(583,2.50,10.00,7.50,0.00,'dinheiro','varejo','2019-07-22 19:52:44'),(584,1.25,2.00,0.75,0.00,'dinheiro','varejo','2019-07-22 19:53:32'),(585,1.20,1.20,0.00,0.00,'dinheiro','varejo','2019-07-22 19:55:06'),(586,6.00,6.00,0.00,0.00,'dinheiro','varejo','2019-07-22 19:58:51'),(587,160.00,160.00,0.00,0.00,'dinheiro','atacado','2019-07-22 20:18:23'),(588,74.00,100.00,26.00,0.00,'dinheiro','varejo','2019-07-23 15:42:46'),(589,5.00,5.00,0.00,0.00,'dinheiro','varejo','2019-07-23 15:43:05'),(590,10.00,10.00,0.00,0.00,'dinheiro','varejo','2019-07-23 15:44:19'),(591,5.00,20.00,15.00,0.00,'dinheiro','varejo','2019-07-23 16:30:10'),(592,1.00,1.00,0.00,0.00,'dinheiro','varejo','2019-07-23 16:32:42'),(593,6.00,10.00,4.00,0.00,'dinheiro','varejo','2019-07-23 16:58:13'),(594,10.00,10.00,0.00,0.00,'cartao','varejo','2019-07-23 17:03:16'),(595,2.80,10.00,7.20,0.00,'dinheiro','varejo','2019-07-23 17:21:07'),(596,7.10,20.00,12.90,0.00,'dinheiro','varejo','2019-07-23 17:42:38'),(597,1.00,1.00,0.00,0.00,'dinheiro','varejo','2019-07-23 17:49:52'),(598,2.00,2.00,0.00,0.00,'dinheiro','varejo','2019-07-23 17:50:27'),(599,6.00,6.00,0.00,0.00,'dinheiro','varejo','2019-07-23 17:50:47'),(600,1.50,5.00,3.50,0.00,'dinheiro','varejo','2019-07-23 18:13:33'),(601,1.50,2.00,0.50,0.00,'dinheiro','varejo','2019-07-23 18:13:58'),(602,5.00,5.00,0.00,0.00,'dinheiro','varejo','2019-07-23 18:15:18'),(603,6.00,6.00,0.00,0.00,'dinheiro','varejo','2019-07-23 18:17:17'),(604,5.00,5.00,0.00,0.00,'dinheiro','varejo','2019-07-23 18:18:30'),(605,1.00,1.00,0.00,0.00,'dinheiro','varejo','2019-07-23 18:19:18'),(606,12.75,12.75,0.00,0.00,'dinheiro','varejo','2019-07-23 18:27:11'),(607,10.00,10.00,0.00,0.00,'dinheiro','varejo','2019-07-23 18:32:06'),(608,15.00,16.00,1.00,0.00,'dinheiro','varejo','2019-07-23 18:36:40'),(609,5.00,10.00,5.00,0.00,'dinheiro','varejo','2019-07-23 18:55:17'),(610,22.50,52.00,29.50,0.00,'dinheiro','varejo','2019-07-23 19:11:15'),(611,15.00,15.00,0.00,0.00,'cartao','varejo','2019-07-23 19:15:50'),(612,3.00,3.00,0.00,0.00,'dinheiro','varejo','2019-07-23 19:36:42'),(613,0.60,0.60,0.00,0.00,'dinheiro','varejo','2019-07-23 19:55:44'),(614,5.00,5.00,0.00,0.00,'dinheiro','varejo','2019-07-23 20:01:46'),(615,4.00,5.00,1.00,0.00,'dinheiro','varejo','2019-07-23 20:08:46'),(616,3.00,3.00,0.00,0.00,'dinheiro','varejo','2019-07-23 20:27:43'),(617,160.00,160.00,0.00,0.00,'dinheiro','atacado','2019-07-24 15:37:05'),(618,4.50,4.50,0.00,0.00,'dinheiro','varejo','2019-07-24 16:06:00'),(619,20.50,21.00,0.50,0.00,'dinheiro','varejo','2019-07-24 16:29:15'),(620,8.50,8.50,0.00,0.00,'dinheiro','varejo','2019-07-24 16:49:57'),(621,3.00,3.00,0.00,0.00,'dinheiro','varejo','2019-07-24 17:07:11'),(622,3.00,3.00,0.00,0.00,'dinheiro','varejo','2019-07-24 17:58:02'),(623,16.50,17.00,0.50,0.00,'dinheiro','varejo','2019-07-24 17:58:16'),(624,4.00,4.00,0.00,0.00,'dinheiro','varejo','2019-07-24 18:11:34'),(625,19.00,20.00,1.00,0.00,'dinheiro','varejo','2019-07-24 18:47:11'),(626,21.00,21.00,0.00,0.00,'cartao','varejo','2019-07-24 18:57:17'),(627,3.00,3.00,0.00,0.00,'dinheiro','varejo','2019-07-24 19:17:10'),(628,14.00,20.00,6.00,0.00,'dinheiro','varejo','2019-07-24 19:18:17'),(629,9.60,10.00,0.40,0.00,'dinheiro','varejo','2019-07-24 19:32:27'),(630,6.00,20.00,14.00,0.00,'dinheiro','varejo','2019-07-24 20:05:54'),(631,9.00,20.00,11.00,0.00,'dinheiro','varejo','2019-07-24 20:15:04'),(632,3.00,3.00,0.00,0.00,'dinheiro','varejo','2019-07-25 15:59:20'),(633,185.80,200.00,14.20,0.00,'dinheiro','varejo','2019-07-25 16:14:10'),(634,1.50,2.00,0.50,0.00,'dinheiro','varejo','2019-07-25 16:14:20'),(635,3.00,3.00,0.00,0.00,'dinheiro','varejo','2019-07-25 16:14:45'),(636,32.00,32.00,0.00,0.00,'dinheiro','varejo','2019-07-25 17:50:34'),(637,9.00,9.00,0.00,0.00,'cartao','varejo','2019-07-25 18:11:46'),(638,0.50,0.50,0.00,0.00,'dinheiro','varejo','2019-07-25 18:13:50'),(639,20.00,20.00,0.00,0.00,'dinheiro','varejo','2019-07-25 18:14:53'),(640,3.60,3.60,0.00,0.00,'dinheiro','varejo','2019-07-25 18:46:10'),(641,3.00,3.00,0.00,0.00,'dinheiro','varejo','2019-07-25 19:14:57'),(642,3.00,3.00,0.00,0.00,'dinheiro','varejo','2019-07-25 19:15:17'),(643,3.00,5.00,2.00,0.00,'dinheiro','varejo','2019-07-26 16:46:32'),(644,10.00,10.00,0.00,0.00,'dinheiro','varejo','2019-07-26 17:08:34'),(645,1.50,10.00,8.50,0.00,'dinheiro','varejo','2019-07-26 17:08:56'),(646,0.30,0.30,0.00,0.00,'dinheiro','varejo','2019-07-26 17:27:59'),(647,3.00,3.00,0.00,0.00,'dinheiro','varejo','2019-07-26 17:37:50'),(648,3.50,5.00,1.50,0.00,'dinheiro','varejo','2019-07-26 17:44:03'),(649,7.50,7.50,0.00,0.00,'dinheiro','varejo','2019-07-26 18:01:10'),(650,4.70,4.15,0.00,0.55,'dinheiro','varejo','2019-07-26 18:21:16'),(651,5.50,5.50,0.00,0.00,'cartao','varejo','2019-07-26 18:38:06'),(652,16.50,16.25,0.00,0.25,'dinheiro','varejo','2019-07-26 18:39:20'),(653,15.00,50.00,35.00,0.00,'dinheiro','varejo','2019-07-26 18:56:58'),(654,19.50,19.50,0.00,0.00,'dinheiro','varejo','2019-07-26 19:30:33'),(655,76.50,100.00,23.50,0.00,'dinheiro','varejo','2019-07-27 15:00:03'),(656,2.00,2.00,0.00,0.00,'dinheiro','varejo','2019-07-27 15:37:43'),(657,3.00,4.00,1.00,0.00,'dinheiro','varejo','2019-07-27 15:43:56'),(658,7.60,7.60,0.00,0.00,'dinheiro','varejo','2019-07-27 16:02:17'),(659,6.00,6.00,0.00,0.00,'cartao','varejo','2019-07-27 16:09:20'),(660,5.00,5.00,0.00,0.00,'dinheiro','varejo','2019-07-27 16:22:42'),(661,18.60,20.00,1.40,0.00,'dinheiro','varejo','2019-07-27 16:57:28'),(662,1.00,1.00,0.00,0.00,'dinheiro','varejo','2019-07-27 17:17:28'),(663,12.00,100.00,88.00,0.00,'dinheiro','varejo','2019-07-27 18:14:43'),(664,6.00,6.00,0.00,0.00,'dinheiro','varejo','2019-07-27 18:15:45'),(665,6.45,20.00,13.55,0.00,'dinheiro','varejo','2019-07-27 18:33:22'),(666,3.00,3.00,0.00,0.00,'dinheiro','varejo','2019-07-27 18:33:38'),(667,9.00,20.00,11.00,0.00,'dinheiro','varejo','2019-07-27 18:40:06'),(668,3.00,3.00,0.00,0.00,'dinheiro','varejo','2019-07-27 19:00:59'),(669,12.00,12.00,0.00,0.00,'dinheiro','varejo','2019-07-27 19:10:40'),(670,23.75,22.00,0.00,1.75,'dinheiro','varejo','2019-07-27 19:19:26'),(671,8.00,8.00,0.00,0.00,'dinheiro','varejo','2019-07-27 19:29:52'),(672,1.50,1.50,0.00,0.00,'dinheiro','varejo','2019-07-27 19:39:50'),(673,6.00,6.00,0.00,0.00,'dinheiro','varejo','2019-07-27 19:54:24'),(674,5.00,5.00,0.00,0.00,'dinheiro','varejo','2019-07-27 19:55:59'),(675,22.00,102.00,80.00,0.00,'dinheiro','varejo','2019-07-27 19:59:56'),(676,30.00,30.00,0.00,0.00,'dinheiro','atacado','2019-07-28 13:14:46'),(677,13.00,11.00,0.00,2.00,'dinheiro','varejo','2019-07-28 13:42:13'),(678,9.25,8.50,0.00,0.75,'dinheiro','varejo','2019-07-28 13:49:47'),(679,35.00,35.00,0.00,0.00,'dinheiro','atacado','2019-07-28 13:58:58'),(680,12.00,12.00,0.00,0.00,'dinheiro','atacado','2019-07-28 14:34:49'),(681,20.00,20.00,0.00,0.00,'dinheiro','varejo','2019-07-28 14:52:27'),(682,2.10,2.10,0.00,0.00,'dinheiro','varejo','2019-07-28 15:04:21'),(683,0.50,10.00,9.50,0.00,'dinheiro','varejo','2019-07-28 15:20:10'),(684,8.50,8.50,0.00,0.00,'dinheiro','varejo','2019-07-28 15:29:17'),(685,8.00,8.00,0.00,0.00,'dinheiro','varejo','2019-07-28 15:30:37'),(686,5.00,20.00,15.00,0.00,'dinheiro','varejo','2019-07-28 15:38:08'),(687,15.00,15.00,0.00,0.00,'dinheiro','varejo','2019-07-28 15:59:58'),(688,7.00,7.00,0.00,0.00,'dinheiro','varejo','2019-07-28 16:06:42'),(689,15.00,15.00,0.00,0.00,'dinheiro','varejo','2019-07-28 16:12:33'),(690,5.00,5.00,0.00,0.00,'dinheiro','varejo','2019-07-28 16:45:01'),(691,16.50,16.50,0.00,0.00,'cartao','varejo','2019-07-28 16:46:03'),(692,6.00,6.00,0.00,0.00,'cartao','varejo','2019-07-28 16:46:44'),(693,59.50,55.00,0.00,4.50,'cartao','varejo','2019-07-28 16:49:54'),(694,19.50,20.00,0.50,0.00,'dinheiro','varejo','2019-07-28 16:56:30'),(695,15.00,15.00,0.00,0.00,'dinheiro','varejo','2019-07-28 16:58:03'),(696,18.00,18.00,0.00,0.00,'cartao','varejo','2019-07-28 16:59:39'),(697,7.50,7.50,0.00,0.00,'dinheiro','varejo','2019-07-28 17:00:27'),(698,19.00,19.00,0.00,0.00,'dinheiro','varejo','2019-07-28 17:06:41'),(699,3.00,3.00,0.00,0.00,'dinheiro','varejo','2019-07-28 17:10:21'),(700,6.75,6.75,0.00,0.00,'dinheiro','varejo','2019-07-28 17:17:14'),(701,2.00,2.00,0.00,0.00,'dinheiro','varejo','2019-07-28 17:19:03'),(702,1.25,1.25,0.00,0.00,'dinheiro','varejo','2019-07-28 17:19:55'),(703,3.00,3.00,0.00,0.00,'dinheiro','varejo','2019-07-28 17:21:17'),(704,3.00,3.00,0.00,0.00,'dinheiro','varejo','2019-07-28 17:35:03'),(705,3.00,3.00,0.00,0.00,'dinheiro','varejo','2019-07-28 17:43:17'),(706,12.00,12.00,0.00,0.00,'cartao','varejo','2019-07-28 17:54:46'),(707,1.50,1.50,0.00,0.00,'dinheiro','varejo','2019-07-28 17:55:12'),(708,32.00,50.00,18.00,0.00,'dinheiro','varejo','2019-07-28 18:00:33'),(709,15.00,15.00,0.00,0.00,'dinheiro','varejo','2019-07-28 18:02:51'),(710,12.00,12.00,0.00,0.00,'dinheiro','varejo','2019-07-28 18:08:55'),(711,10.50,10.50,0.00,0.00,'dinheiro','varejo','2019-07-28 18:14:49'),(712,7.00,7.00,0.00,0.00,'dinheiro','varejo','2019-07-28 18:25:47'),(713,71.50,71.50,0.00,0.00,'dinheiro','varejo','2019-07-28 18:38:58'),(714,2.00,2.00,0.00,0.00,'dinheiro','varejo','2019-07-28 18:39:30'),(715,14.00,14.00,0.00,0.00,'dinheiro','varejo','2019-07-28 18:46:39'),(716,2.80,2.80,0.00,0.00,'dinheiro','varejo','2019-07-28 18:48:17'),(717,16.70,50.00,33.30,0.00,'dinheiro','varejo','2019-07-28 18:52:41'),(718,7.00,7.00,0.00,0.00,'dinheiro','varejo','2019-07-28 18:56:54'),(719,16.50,20.00,3.50,0.00,'dinheiro','varejo','2019-07-28 19:00:02'),(720,0.90,0.90,0.00,0.00,'dinheiro','varejo','2019-07-28 19:00:43'),(721,9.00,9.00,0.00,0.00,'dinheiro','varejo','2019-07-28 19:02:37'),(722,7.00,7.00,0.00,0.00,'dinheiro','varejo','2019-07-29 16:32:10'),(723,3.00,3.00,0.00,0.00,'dinheiro','varejo','2019-07-29 16:41:23'),(724,15.00,15.00,0.00,0.00,'dinheiro','varejo','2019-07-29 16:42:12'),(725,5.00,5.00,0.00,0.00,'dinheiro','varejo','2019-07-29 16:44:12'),(726,2.50,2.50,0.00,0.00,'dinheiro','varejo','2019-07-29 16:52:49'),(727,25.00,25.00,0.00,0.00,'dinheiro','varejo','2019-07-29 16:55:38'),(728,11.50,11.50,0.00,0.00,'dinheiro','varejo','2019-07-29 17:21:06'),(729,3.00,3.00,0.00,0.00,'dinheiro','varejo','2019-07-29 17:42:38'),(730,11.00,11.00,0.00,0.00,'dinheiro','varejo','2019-07-29 18:08:56'),(731,6.00,6.00,0.00,0.00,'dinheiro','varejo','2019-07-29 18:29:23'),(732,9.00,9.00,0.00,0.00,'dinheiro','varejo','2019-07-29 18:29:35'),(733,14.95,15.00,0.05,0.00,'cartao','varejo','2019-07-29 19:02:17'),(734,3.90,4.00,0.10,0.00,'dinheiro','varejo','2019-07-29 19:03:08'),(735,15.00,15.00,0.00,0.00,'dinheiro','varejo','2019-07-29 19:11:54'),(736,22.50,22.50,0.00,0.00,'dinheiro','varejo','2019-07-30 16:28:17'),(737,69.60,70.00,0.40,0.00,'dinheiro','atacado','2019-07-30 16:36:30'),(738,27.50,27.50,0.00,0.00,'dinheiro','varejo','2019-07-30 16:42:51'),(739,8.00,8.00,0.00,0.00,'dinheiro','varejo','2019-07-30 16:44:52'),(740,32.00,32.00,0.00,0.00,'dinheiro','varejo','2019-07-30 17:08:48'),(741,2.60,2.50,0.00,0.10,'dinheiro','varejo','2019-07-30 17:24:12'),(742,238.00,238.00,0.00,0.00,'dinheiro','atacado','2019-07-30 17:39:39'),(743,1.50,1.00,0.00,0.50,'dinheiro','varejo','2019-07-30 17:44:02'),(744,3.00,20.00,17.00,0.00,'dinheiro','varejo','2019-07-30 18:04:31'),(745,10.50,10.00,0.00,0.50,'dinheiro','varejo','2019-07-30 18:08:03'),(746,3.00,3.00,0.00,0.00,'dinheiro','varejo','2019-07-30 18:14:09'),(747,2.50,2.50,0.00,0.00,'dinheiro','varejo','2019-07-30 18:28:15'),(748,3.00,4.00,1.00,0.00,'dinheiro','varejo','2019-07-30 18:46:17'),(749,3.00,3.00,0.00,0.00,'dinheiro','varejo','2019-07-30 19:28:08'),(750,19.00,19.00,0.00,0.00,'dinheiro','varejo','2019-07-31 15:59:32'),(751,11.00,11.00,0.00,0.00,'dinheiro','varejo','2019-07-31 16:01:13'),(752,3.20,3.20,0.00,0.00,'dinheiro','varejo','2019-07-31 16:49:14'),(753,5.50,5.50,0.00,0.00,'dinheiro','varejo','2019-07-31 17:13:29'),(754,3.00,5.00,2.00,0.00,'dinheiro','varejo','2019-07-31 17:31:46'),(755,3.00,4.00,1.00,0.00,'dinheiro','varejo','2019-07-31 17:32:00'),(756,1.50,1.50,0.00,0.00,'dinheiro','varejo','2019-07-31 17:39:08'),(757,3.00,3.00,0.00,0.00,'dinheiro','varejo','2019-07-31 17:58:16'),(758,5.00,6.00,1.00,0.00,'dinheiro','varejo','2019-07-31 18:52:33'),(759,15.00,15.00,0.00,0.00,'cartao','varejo','2019-07-31 19:04:23'),(760,5.00,5.00,0.00,0.00,'dinheiro','varejo','2019-08-01 16:20:15'),(761,12.00,12.00,0.00,0.00,'cartao','varejo','2019-08-01 16:38:22'),(762,3.00,3.00,0.00,0.00,'dinheiro','varejo','2019-08-01 16:39:21'),(763,3.00,3.00,0.00,0.00,'dinheiro','varejo','2019-08-01 17:37:25'),(764,15.25,14.50,0.00,0.75,'dinheiro','varejo','2019-08-01 17:51:45'),(765,3.00,20.00,17.00,0.00,'dinheiro','varejo','2019-08-01 17:56:02'),(766,7.00,7.00,0.00,0.00,'dinheiro','varejo','2019-08-01 17:58:13'),(767,3.00,5.00,2.00,0.00,'dinheiro','varejo','2019-08-01 17:58:25'),(768,6.00,20.00,14.00,0.00,'dinheiro','varejo','2019-08-01 18:00:29'),(769,3.00,4.00,1.00,0.00,'dinheiro','varejo','2019-08-01 18:26:28'),(770,1.50,20.00,18.50,0.00,'dinheiro','varejo','2019-08-01 18:26:45'),(771,4.50,5.00,0.50,0.00,'dinheiro','varejo','2019-08-01 18:56:44'),(772,5.00,5.00,0.00,0.00,'dinheiro','varejo','2019-08-01 18:57:10'),(773,1.50,1.50,0.00,0.00,'dinheiro','varejo','2019-08-01 18:58:02'),(774,1.50,5.00,3.50,0.00,'dinheiro','varejo','2019-08-01 19:33:36'),(775,14.00,14.00,0.00,0.00,'dinheiro','varejo','2019-08-01 19:42:21'),(776,538.00,538.00,0.00,0.00,'dinheiro','atacado','2019-08-02 14:40:32'),(777,237.50,237.50,0.00,0.00,'dinheiro','atacado','2019-08-02 14:41:27'),(778,160.00,160.00,0.00,0.00,'dinheiro','atacado','2019-08-02 14:42:02'),(779,4.30,4.30,0.00,0.00,'dinheiro','varejo','2019-08-02 15:57:38'),(780,2.25,2.25,0.00,0.00,'dinheiro','varejo','2019-08-02 17:47:23'),(781,4.00,4.00,0.00,0.00,'dinheiro','varejo','2019-08-02 18:43:13'),(782,3.00,3.00,0.00,0.00,'cartao','varejo','2019-08-06 16:39:02'),(783,2.25,2.25,0.00,0.00,'dinheiro','varejo','2019-08-06 17:18:29'),(784,1.50,1.50,0.00,0.00,'dinheiro','varejo','2019-08-06 17:53:09'),(785,15.00,15.00,0.00,0.00,'cartao','varejo','2019-08-06 17:53:39'),(786,1.50,1.50,0.00,0.00,'dinheiro','varejo','2019-08-06 17:55:23'),(787,3.00,5.00,2.00,0.00,'dinheiro','varejo','2019-08-06 18:23:21'),(788,6.00,7.00,1.00,0.00,'dinheiro','varejo','2019-08-06 18:47:49'),(789,10.50,20.50,10.00,0.00,'dinheiro','varejo','2019-08-06 18:48:16'),(790,3.00,3.00,0.00,0.00,'dinheiro','varejo','2019-08-06 18:48:30'),(791,4.50,4.00,0.00,0.50,'dinheiro','varejo','2019-08-07 14:56:37'),(792,1.50,1.50,0.00,0.00,'dinheiro','varejo','2019-08-07 16:50:45'),(793,15.00,15.00,0.00,0.00,'cartao','varejo','2019-08-07 17:03:04'),(794,2.50,2.50,0.00,0.00,'dinheiro','varejo','2019-08-07 17:04:02'),(795,3.00,3.00,0.00,0.00,'cartao','varejo','2019-08-07 17:36:06'),(796,3.00,3.00,0.00,0.00,'dinheiro','varejo','2019-08-07 17:47:39'),(797,2.00,2.00,0.00,0.00,'dinheiro','varejo','2019-08-07 18:08:00'),(798,161.00,161.00,0.00,0.00,'dinheiro','atacado','2019-08-07 18:10:13'),(799,1.50,2.00,0.50,0.00,'dinheiro','varejo','2019-08-07 18:13:03'),(800,3.00,20.00,17.00,0.00,'dinheiro','varejo','2019-08-07 18:24:11'),(801,3.00,50.00,47.00,0.00,'dinheiro','varejo','2019-08-08 15:48:42'),(802,2.50,10.00,7.50,0.00,'dinheiro','varejo','2019-08-08 15:48:57'),(803,4.50,5.00,0.50,0.00,'dinheiro','varejo','2019-08-08 16:07:21'),(804,4.50,4.50,0.00,0.00,'dinheiro','varejo','2019-08-08 17:01:58'),(805,12.00,12.00,0.00,0.00,'dinheiro','varejo','2019-08-08 17:11:04'),(806,3.00,3.00,0.00,0.00,'dinheiro','varejo','2019-08-08 17:36:59'),(807,1.00,1.00,0.00,0.00,'dinheiro','varejo','2019-08-08 17:58:23'),(808,5.00,5.00,0.00,0.00,'dinheiro','varejo','2019-08-08 19:18:42'),(809,15.00,15.00,0.00,0.00,'dinheiro','varejo','2019-08-08 19:37:19'),(810,108.00,108.00,0.00,0.00,'dinheiro','atacado','2019-08-09 13:38:01'),(811,298.00,298.00,0.00,0.00,'dinheiro','atacado','2019-08-09 14:28:05'),(812,95.00,90.00,0.00,5.00,'dinheiro','varejo','2019-08-09 15:08:02'),(813,3.00,3.00,0.00,0.00,'dinheiro','varejo','2019-08-09 15:08:20'),(814,2.00,2.00,0.00,0.00,'dinheiro','varejo','2019-08-09 15:28:02'),(815,6.00,6.00,0.00,0.00,'dinheiro','varejo','2019-08-09 15:30:12'),(816,4.50,4.50,0.00,0.00,'dinheiro','varejo','2019-08-09 16:18:03'),(817,9.00,9.00,0.00,0.00,'dinheiro','varejo','2019-08-09 16:38:37'),(818,3.00,3.00,0.00,0.00,'dinheiro','varejo','2019-08-09 16:42:04'),(819,5.00,5.00,0.00,0.00,'dinheiro','varejo','2019-08-09 16:44:33'),(820,12.00,12.00,0.00,0.00,'dinheiro','varejo','2019-08-09 17:00:26'),(821,17.50,17.50,0.00,0.00,'dinheiro','varejo','2019-08-09 17:16:17'),(822,10.00,10.00,0.00,0.00,'dinheiro','varejo','2019-08-09 17:17:39'),(823,2.25,2.25,0.00,0.00,'dinheiro','varejo','2019-08-09 18:02:54'),(824,5.00,5.00,0.00,0.00,'dinheiro','varejo','2019-08-09 18:06:18'),(825,4.50,4.50,0.00,0.00,'dinheiro','varejo','2019-08-09 18:35:03'),(826,3.00,4.00,1.00,0.00,'dinheiro','varejo','2019-08-09 18:42:18'),(827,3.00,5.00,2.00,0.00,'dinheiro','varejo','2019-08-09 18:48:39'),(828,3.00,4.00,1.00,0.00,'dinheiro','varejo','2019-08-09 18:54:40'),(829,6.00,20.00,14.00,0.00,'dinheiro','varejo','2019-08-09 19:01:26'),(830,3.20,3.20,0.00,0.00,'dinheiro','varejo','2019-08-09 19:15:03'),(831,3.00,3.00,0.00,0.00,'cartao','varejo','2019-08-10 14:41:53'),(832,20.00,20.00,0.00,0.00,'dinheiro','varejo','2019-08-10 14:45:18'),(833,45.50,45.50,0.00,0.00,'dinheiro','varejo','2019-08-10 14:56:04'),(834,7.75,7.75,0.00,0.00,'dinheiro','varejo','2019-08-10 16:23:42'),(835,55.00,50.00,0.00,5.00,'cartao','varejo','2019-08-10 16:52:26'),(836,30.00,30.00,0.00,0.00,'dinheiro','varejo','2019-08-10 16:52:43'),(837,11.00,11.00,0.00,0.00,'dinheiro','varejo','2019-08-10 16:59:37'),(838,3.00,3.00,0.00,0.00,'dinheiro','varejo','2019-08-10 17:05:27'),(839,15.00,15.00,0.00,0.00,'cartao','varejo','2019-08-10 17:05:47'),(840,5.50,5.50,0.00,0.00,'dinheiro','varejo','2019-08-10 17:07:33'),(841,11.50,11.50,0.00,0.00,'cartao','varejo','2019-08-10 17:09:29'),(842,109.50,108.00,0.00,1.50,'dinheiro','atacado','2019-08-10 17:23:24'),(843,33.00,33.00,0.00,0.00,'cartao','varejo','2019-08-10 17:45:53'),(844,11.50,11.50,0.00,0.00,'dinheiro','varejo','2019-08-10 17:58:28'),(845,12.00,12.00,0.00,0.00,'dinheiro','atacado','2019-08-10 17:58:54'),(846,3.00,3.00,0.00,0.00,'dinheiro','varejo','2019-08-10 18:18:31'),(847,15.00,15.00,0.00,0.00,'dinheiro','varejo','2019-08-10 18:21:04'),(848,12.50,12.50,0.00,0.00,'dinheiro','varejo','2019-08-10 18:34:27'),(849,10.00,10.00,0.00,0.00,'cartao','varejo','2019-08-10 18:36:27'),(850,7.00,7.00,0.00,0.00,'dinheiro','varejo','2019-08-10 18:37:02'),(851,4.00,4.00,0.00,0.00,'dinheiro','varejo','2019-08-10 19:02:02'),(852,15.00,15.00,0.00,0.00,'cartao','varejo','2019-08-10 19:02:16'),(853,6.00,6.00,0.00,0.00,'dinheiro','varejo','2019-08-10 19:09:23'),(854,9.00,9.00,0.00,0.00,'dinheiro','varejo','2019-08-12 15:01:30'),(855,3.00,6.00,3.00,0.00,'dinheiro','varejo','2019-08-12 15:13:28'),(856,9.00,9.00,0.00,0.00,'dinheiro','varejo','2019-08-12 15:54:57'),(857,10.00,10.00,0.00,0.00,'dinheiro','varejo','2019-08-12 16:36:40'),(858,27.00,27.00,0.00,0.00,'dinheiro','varejo','2019-08-12 17:46:03'),(859,3.00,3.00,0.00,0.00,'cartao','varejo','2019-08-12 17:46:22'),(860,15.00,15.00,0.00,0.00,'cartao','varejo','2019-08-12 17:52:09'),(861,3.00,3.00,0.00,0.00,'dinheiro','varejo','2019-08-12 18:18:55'),(862,3.00,5.00,2.00,0.00,'dinheiro','varejo','2019-08-12 19:20:55'),(863,2.25,2.25,0.00,0.00,'dinheiro','varejo','2019-08-12 19:36:00'),(864,6.00,6.00,0.00,0.00,'dinheiro','varejo','2019-08-12 19:46:42');
/*!40000 ALTER TABLE `transacao` ENABLE KEYS */;
UNLOCK TABLES;

--
-- Table structure for table `vendas`
--

DROP TABLE IF EXISTS `vendas`;
/*!40101 SET @saved_cs_client     = @@character_set_client */;
 SET character_set_client = utf8mb4 ;
CREATE TABLE `vendas` (
  `id_vendas` int(11) NOT NULL AUTO_INCREMENT,
  `id_transacao` int(11) NOT NULL,
  `id_produto` int(11) NOT NULL,
  `valor` decimal(6,2) NOT NULL,
  `quantidade` int(11) NOT NULL,
  `timestamp` timestamp NULL DEFAULT CURRENT_TIMESTAMP,
  PRIMARY KEY (`id_vendas`)
) ENGINE=InnoDB AUTO_INCREMENT=1985 DEFAULT CHARSET=latin1;
/*!40101 SET character_set_client = @saved_cs_client */;

--
-- Dumping data for table `vendas`
--

LOCK TABLES `vendas` WRITE;
/*!40000 ALTER TABLE `vendas` DISABLE KEYS */;
INSERT INTO `vendas` VALUES (1,1,11,7.50,1,'2019-06-26 15:20:45'),(2,1,28,0.60,5,'2019-06-26 15:20:45'),(3,1,14,5.00,1,'2019-06-26 15:20:45'),(4,2,1,1.50,1,'2019-06-26 15:25:42'),(5,3,1,1.50,2,'2019-06-26 19:24:22'),(6,4,46,0.50,7,'2019-06-26 19:25:08'),(7,5,3,3.00,1,'2019-06-26 19:26:37'),(8,6,28,0.60,4,'2019-06-26 19:27:57'),(9,6,36,1.50,1,'2019-06-26 19:27:57'),(10,6,14,5.00,1,'2019-06-26 19:27:57'),(11,6,46,0.50,1,'2019-06-26 19:27:57'),(12,7,4,2.50,2,'2019-06-26 19:28:45'),(13,8,4,2.50,1,'2019-06-26 19:29:16'),(14,9,3,3.00,1,'2019-06-26 19:30:15'),(15,9,4,2.50,1,'2019-06-26 19:30:15'),(16,10,5,15.00,1,'2019-06-26 19:31:04'),(17,11,47,1.00,1,'2019-06-26 19:33:13'),(18,11,33,1.00,2,'2019-06-26 19:33:13'),(19,11,27,0.50,10,'2019-06-26 19:33:13'),(20,11,44,1.00,3,'2019-06-26 19:33:13'),(21,11,44,1.00,1,'2019-06-26 19:33:13'),(22,12,46,0.50,1,'2019-06-26 19:33:47'),(23,13,28,0.60,1,'2019-06-26 19:34:36'),(24,14,1,1.50,4,'2019-06-26 19:54:01'),(25,15,27,0.50,1,'2019-06-26 20:09:00'),(26,16,9,5.50,1,'2019-06-27 15:18:53'),(27,17,5,15.00,1,'2019-06-27 15:52:11'),(28,17,5,15.00,1,'2019-06-27 15:52:11'),(29,18,35,1.50,20,'2019-06-27 16:57:31'),(30,19,53,1.00,2,'2019-06-27 16:58:38'),(31,20,3,3.00,2,'2019-06-27 17:03:21'),(32,20,2,2.25,1,'2019-06-27 17:03:21'),(33,21,51,1.00,1,'2019-06-27 17:30:38'),(34,22,18,50.00,1,'2019-06-27 17:33:44'),(35,23,27,0.50,25,'2019-06-27 17:34:30'),(36,23,46,0.50,2,'2019-06-27 17:34:30'),(37,24,27,0.50,25,'2019-06-27 17:34:30'),(38,24,46,0.50,2,'2019-06-27 17:34:30'),(39,25,33,1.00,2,'2019-06-27 17:49:48'),(40,25,27,0.40,25,'2019-06-27 17:49:48'),(41,25,46,0.50,2,'2019-06-27 17:49:48'),(42,26,27,0.40,25,'2019-06-27 18:07:42'),(43,26,51,1.00,3,'2019-06-27 18:07:42'),(44,26,51,1.00,7,'2019-06-27 18:07:42'),(45,27,5,15.00,1,'2019-06-27 18:16:34'),(46,28,39,3.00,1,'2019-06-27 18:18:44'),(47,28,52,2.00,1,'2019-06-27 18:18:44'),(48,28,15,10.00,1,'2019-06-27 18:18:44'),(49,28,13,4.00,1,'2019-06-27 18:18:44'),(50,29,3,3.00,3,'2019-06-27 18:19:51'),(51,30,4,2.50,2,'2019-06-27 18:26:36'),(52,31,14,5.00,1,'2019-06-27 18:32:47'),(53,31,27,0.50,1,'2019-06-27 18:32:47'),(54,32,5,15.00,1,'2019-06-27 20:26:47'),(55,33,14,5.00,1,'2019-06-28 15:16:08'),(56,33,13,4.00,1,'2019-06-28 15:16:08'),(57,33,36,1.50,1,'2019-06-28 15:16:08'),(58,33,27,0.50,3,'2019-06-28 15:16:08'),(59,34,13,4.00,1,'2019-06-28 15:17:19'),(60,34,15,10.00,1,'2019-06-28 15:17:19'),(61,34,52,2.00,2,'2019-06-28 15:17:19'),(62,35,46,0.50,1,'2019-06-28 15:17:39'),(63,36,27,0.50,1,'2019-06-28 15:44:20'),(64,37,32,2.00,2,'2019-06-28 15:45:05'),(65,37,13,4.00,1,'2019-06-28 15:45:05'),(66,38,3,3.00,1,'2019-06-28 16:59:53'),(67,38,3,3.00,1,'2019-06-28 16:59:53'),(68,38,1,1.50,1,'2019-06-28 16:59:53'),(69,39,46,0.50,4,'2019-06-28 17:25:56'),(70,39,36,1.50,1,'2019-06-28 17:25:56'),(71,39,34,1.20,1,'2019-06-28 17:25:56'),(72,40,3,3.00,1,'2019-06-28 17:31:06'),(73,40,1,1.50,2,'2019-06-28 17:31:06'),(74,41,3,3.00,1,'2019-06-28 18:27:04'),(75,42,16,15.00,1,'2019-06-28 18:32:45'),(76,42,11,7.50,1,'2019-06-28 18:32:45'),(77,42,32,2.00,3,'2019-06-28 18:32:45'),(78,43,1,1.50,1,'2019-06-28 18:35:24'),(79,44,13,4.00,1,'2019-06-28 19:09:19'),(80,44,14,5.00,1,'2019-06-28 19:09:19'),(81,44,39,3.00,1,'2019-06-28 19:09:19'),(82,44,30,1.25,1,'2019-06-28 19:09:19'),(83,45,1,1.50,1,'2019-06-28 19:09:56'),(84,46,27,0.50,1,'2019-06-28 19:10:20'),(85,47,1,1.50,2,'2019-06-28 19:23:58'),(86,48,3,3.00,1,'2019-06-28 19:32:31'),(87,48,1,1.50,1,'2019-06-28 19:32:31'),(88,49,3,3.00,1,'2019-06-28 19:49:56'),(89,49,1,1.50,1,'2019-06-28 19:49:56'),(90,49,3,3.00,1,'2019-06-28 19:49:56'),(91,49,63,1.00,1,'2019-06-28 19:49:56'),(92,49,63,1.00,1,'2019-06-28 19:49:56'),(93,50,27,0.50,10,'2019-06-28 20:21:49'),(94,51,38,1.80,1,'2019-06-29 13:22:43'),(95,51,44,1.00,1,'2019-06-29 13:22:43'),(96,51,52,2.00,2,'2019-06-29 13:22:43'),(97,51,13,4.00,1,'2019-06-29 13:22:43'),(98,52,44,1.00,6,'2019-06-29 13:29:39'),(99,52,27,0.40,25,'2019-06-29 13:29:39'),(100,53,1,1.50,1,'2019-06-29 13:33:46'),(101,54,35,1.50,2,'2019-06-29 14:30:08'),(102,54,36,1.50,2,'2019-06-29 14:30:08'),(103,54,46,0.50,2,'2019-06-29 14:30:08'),(104,54,44,1.00,1,'2019-06-29 14:30:08'),(105,54,28,0.60,1,'2019-06-29 14:30:08'),(106,54,35,1.50,2,'2019-06-29 14:30:08'),(107,55,27,0.50,4,'2019-06-29 15:06:42'),(108,55,46,0.50,1,'2019-06-29 15:06:42'),(109,56,6,1.00,3,'2019-06-29 15:08:34'),(110,56,27,0.50,1,'2019-06-29 15:08:34'),(111,57,3,3.00,3,'2019-06-29 16:12:55'),(112,58,42,15.00,1,'2019-06-29 16:17:46'),(113,59,14,5.00,1,'2019-06-29 16:26:37'),(114,60,62,25.00,2,'2019-06-29 16:42:07'),(115,61,28,0.54,25,'2019-06-29 16:50:47'),(116,62,47,1.00,1,'2019-06-29 16:51:39'),(117,62,28,0.60,2,'2019-06-29 16:51:39'),(118,63,39,3.00,2,'2019-06-29 16:53:01'),(119,64,35,1.50,20,'2019-06-29 16:55:03'),(120,64,3,3.00,1,'2019-06-29 16:55:03'),(121,65,22,4.00,2,'2019-06-29 16:59:24'),(122,65,11,7.50,2,'2019-06-29 16:59:24'),(123,65,36,1.50,1,'2019-06-29 16:59:24'),(124,65,18,50.00,1,'2019-06-29 16:59:24'),(125,65,48,8.00,1,'2019-06-29 16:59:24'),(126,65,33,1.00,5,'2019-06-29 16:59:24'),(127,65,34,1.20,3,'2019-06-29 16:59:24'),(128,65,38,1.80,3,'2019-06-29 16:59:24'),(129,65,32,2.00,3,'2019-06-29 16:59:24'),(130,65,44,1.00,10,'2019-06-29 16:59:24'),(131,65,46,0.50,5,'2019-06-29 16:59:24'),(132,66,24,10.00,1,'2019-06-29 17:02:46'),(133,66,12,12.00,1,'2019-06-29 17:02:46'),(134,67,14,5.00,1,'2019-06-29 17:03:21'),(135,68,29,1.00,1,'2019-06-29 17:06:23'),(136,68,27,0.50,1,'2019-06-29 17:06:23'),(137,69,36,1.50,1,'2019-06-29 17:07:11'),(138,69,27,0.50,3,'2019-06-29 17:07:11'),(139,69,44,1.00,2,'2019-06-29 17:07:11'),(140,69,27,0.50,1,'2019-06-29 17:07:11'),(141,70,29,1.00,1,'2019-06-29 17:11:45'),(142,71,1,1.50,1,'2019-06-29 17:22:08'),(143,72,18,50.00,7,'2019-06-29 17:26:05'),(144,73,5,15.00,2,'2019-06-29 17:27:57'),(145,74,35,1.50,2,'2019-06-29 17:28:47'),(146,75,5,15.00,2,'2019-06-29 17:32:04'),(147,75,63,1.00,1,'2019-06-29 17:32:04'),(148,76,5,15.00,13,'2019-06-29 17:42:30'),(149,76,33,1.00,25,'2019-06-29 17:42:30'),(150,76,34,1.20,25,'2019-06-29 17:42:30'),(151,76,7,1.50,12,'2019-06-29 17:42:30'),(152,76,6,1.00,12,'2019-06-29 17:42:30'),(153,76,14,5.00,12,'2019-06-29 17:42:30'),(154,76,15,10.00,12,'2019-06-29 17:42:30'),(155,76,27,0.40,50,'2019-06-29 17:42:30'),(156,76,28,0.54,50,'2019-06-29 17:42:30'),(157,76,43,0.15,500,'2019-06-29 17:42:30'),(158,76,31,1.50,25,'2019-06-29 17:42:30'),(159,77,52,2.00,1,'2019-06-29 17:42:56'),(160,78,52,2.00,1,'2019-06-29 18:05:11'),(161,78,28,0.60,4,'2019-06-29 18:05:11'),(162,78,34,1.20,1,'2019-06-29 18:05:11'),(163,78,35,1.50,1,'2019-06-29 18:05:11'),(164,78,44,1.00,2,'2019-06-29 18:05:11'),(165,78,14,5.00,1,'2019-06-29 18:05:11'),(166,79,5,15.00,1,'2019-06-29 18:11:57'),(167,80,11,7.50,1,'2019-06-29 18:15:02'),(168,80,22,4.00,1,'2019-06-29 18:15:02'),(169,80,17,25.00,1,'2019-06-29 18:15:02'),(170,80,29,1.00,5,'2019-06-29 18:15:02'),(171,80,39,3.00,1,'2019-06-29 18:15:02'),(172,80,44,1.00,2,'2019-06-29 18:15:02'),(173,81,12,12.00,1,'2019-06-29 18:18:18'),(174,81,14,5.00,1,'2019-06-29 18:18:18'),(175,81,25,30.00,1,'2019-06-29 18:18:18'),(176,82,51,1.00,2,'2019-06-29 18:20:59'),(177,83,17,25.00,1,'2019-06-29 18:25:02'),(178,83,32,2.00,3,'2019-06-29 18:25:02'),(179,84,14,5.00,1,'2019-06-29 18:26:51'),(180,84,51,1.00,4,'2019-06-29 18:26:51'),(181,84,44,1.00,1,'2019-06-29 18:26:51'),(182,85,3,3.00,1,'2019-06-29 18:29:49'),(183,86,5,15.00,1,'2019-06-29 18:52:28'),(184,86,3,3.00,1,'2019-06-29 18:52:28'),(185,87,5,15.00,1,'2019-06-29 18:53:30'),(186,87,1,1.50,1,'2019-06-29 18:53:30'),(187,88,8,2.50,1,'2019-06-29 19:19:09'),(188,89,32,2.00,2,'2019-06-29 20:03:48'),(189,90,5,15.00,1,'2019-06-29 20:17:30'),(190,91,44,1.00,1,'2019-06-29 20:29:08'),(191,91,36,1.50,1,'2019-06-29 20:29:08'),(192,92,13,4.00,1,'2019-06-29 20:30:31'),(193,92,38,1.80,1,'2019-06-29 20:30:31'),(194,93,44,1.00,1,'2019-06-29 20:31:15'),(195,93,4,2.50,2,'2019-06-29 20:31:15'),(196,94,19,2.00,2,'2019-06-30 13:02:18'),(197,94,10,6.50,2,'2019-06-30 13:02:18'),(198,94,11,7.50,2,'2019-06-30 13:02:18'),(199,94,23,8.00,1,'2019-06-30 13:02:18'),(200,94,16,15.00,2,'2019-06-30 13:02:18'),(201,94,37,2.00,2,'2019-06-30 13:02:18'),(202,94,46,0.50,2,'2019-06-30 13:02:18'),(203,94,44,1.00,2,'2019-06-30 13:02:18'),(204,95,44,1.00,1,'2019-06-30 13:11:03'),(205,95,33,1.00,2,'2019-06-30 13:11:03'),(206,95,31,1.50,3,'2019-06-30 13:11:03'),(207,95,38,1.80,1,'2019-06-30 13:11:03'),(208,96,28,0.60,1,'2019-06-30 13:15:38'),(209,97,24,10.00,1,'2019-06-30 14:02:23'),(210,97,50,6.50,1,'2019-06-30 14:02:23'),(211,98,13,4.00,1,'2019-06-30 14:04:48'),(212,98,33,1.00,2,'2019-06-30 14:04:48'),(213,98,33,1.00,2,'2019-06-30 14:04:48'),(214,98,44,1.00,2,'2019-06-30 14:04:48'),(215,98,33,1.00,2,'2019-06-30 14:04:48'),(216,99,65,6.00,1,'2019-06-30 15:28:19'),(217,100,27,0.40,25,'2019-06-30 15:43:46'),(218,101,1,1.50,3,'2019-06-30 15:44:55'),(219,102,33,1.00,1,'2019-06-30 15:46:34'),(220,102,43,0.20,3,'2019-06-30 15:46:34'),(221,103,39,3.00,2,'2019-06-30 15:53:51'),(222,103,14,5.00,1,'2019-06-30 15:53:51'),(223,103,22,4.00,1,'2019-06-30 15:53:51'),(224,103,11,7.50,1,'2019-06-30 15:53:51'),(225,104,7,1.50,1,'2019-06-30 16:04:18'),(226,104,27,0.50,9,'2019-06-30 16:04:18'),(239,108,27,0.40,25,'2019-06-30 16:53:31'),(240,108,14,5.00,1,'2019-06-30 16:53:31'),(241,108,46,0.50,1,'2019-06-30 16:53:31'),(242,109,49,1.00,4,'2019-06-30 16:58:35'),(243,109,64,20.00,1,'2019-06-30 16:58:35'),(244,109,15,10.00,1,'2019-06-30 16:58:35'),(245,109,52,2.00,1,'2019-06-30 16:58:35'),(246,110,6,1.00,3,'2019-06-30 17:06:06'),(247,110,30,1.25,3,'2019-06-30 17:06:06'),(248,110,5,15.00,1,'2019-06-30 17:06:06'),(249,110,52,2.00,1,'2019-06-30 17:06:06'),(250,110,28,0.60,3,'2019-06-30 17:06:06'),(251,111,3,3.00,1,'2019-06-30 17:10:52'),(252,111,30,1.25,3,'2019-06-30 17:10:52'),(253,111,6,1.00,3,'2019-06-30 17:10:52'),(254,111,51,1.00,1,'2019-06-30 17:10:52'),(255,111,1,1.50,2,'2019-06-30 17:10:52'),(256,111,44,1.00,2,'2019-06-30 17:10:52'),(257,111,27,0.50,10,'2019-06-30 17:10:52'),(258,111,12,12.00,1,'2019-06-30 17:10:52'),(259,111,14,5.00,1,'2019-06-30 17:10:52'),(260,111,33,1.00,2,'2019-06-30 17:10:52'),(261,112,4,2.50,1,'2019-06-30 17:14:01'),(262,113,51,1.00,6,'2019-06-30 17:22:43'),(263,113,38,1.80,1,'2019-06-30 17:22:43'),(264,113,29,1.00,1,'2019-06-30 17:22:43'),(265,114,2,2.25,2,'2019-06-30 17:23:33'),(266,114,5,15.00,1,'2019-06-30 17:23:33'),(267,115,51,1.00,2,'2019-06-30 17:25:25'),(268,116,34,1.20,2,'2019-06-30 17:26:37'),(269,116,46,0.50,1,'2019-06-30 17:26:37'),(270,117,3,3.00,3,'2019-06-30 17:37:06'),(271,118,16,15.00,1,'2019-06-30 17:43:05'),(272,118,33,1.00,4,'2019-06-30 17:43:05'),(273,118,44,1.00,2,'2019-06-30 17:43:05'),(274,118,44,1.00,1,'2019-06-30 17:43:05'),(275,118,7,1.50,1,'2019-06-30 17:43:05'),(276,119,3,3.00,3,'2019-06-30 17:53:48'),(277,120,28,0.60,1,'2019-06-30 17:56:53'),(278,121,13,4.00,2,'2019-06-30 18:25:23'),(279,121,44,1.00,2,'2019-06-30 18:25:23'),(280,121,34,1.20,2,'2019-06-30 18:25:23'),(281,122,46,0.50,2,'2019-06-30 18:34:14'),(282,122,11,7.50,2,'2019-06-30 18:34:14'),(283,122,27,0.50,6,'2019-06-30 18:34:14'),(284,122,53,1.00,2,'2019-06-30 18:34:14'),(285,123,14,5.00,1,'2019-06-30 18:34:43'),(286,124,43,0.20,1,'2019-06-30 18:43:57'),(287,125,8,2.50,1,'2019-06-30 18:49:25'),(288,126,5,15.00,1,'2019-06-30 18:52:58'),(289,126,53,1.00,2,'2019-06-30 18:52:58'),(290,127,14,5.00,1,'2019-06-30 18:55:04'),(291,127,27,0.50,4,'2019-06-30 18:55:04'),(292,127,49,1.00,1,'2019-06-30 18:55:04'),(293,128,5,15.00,1,'2019-06-30 18:56:04'),(294,129,3,3.00,1,'2019-06-30 19:03:04'),(295,130,14,5.00,1,'2019-06-30 19:04:32'),(296,130,46,0.50,1,'2019-06-30 19:04:32'),(297,130,27,0.50,3,'2019-06-30 19:04:32'),(298,131,5,15.00,1,'2019-06-30 19:05:12'),(299,131,3,3.00,1,'2019-06-30 19:05:12'),(300,132,3,3.00,2,'2019-06-30 19:11:07'),(301,133,2,2.25,1,'2019-06-30 19:13:49'),(302,134,39,3.00,1,'2019-06-30 19:20:43'),(303,134,52,2.00,1,'2019-06-30 19:20:43'),(304,134,22,4.00,1,'2019-06-30 19:20:43'),(305,134,9,5.50,1,'2019-06-30 19:20:43'),(306,134,14,5.00,1,'2019-06-30 19:20:43'),(307,135,43,0.20,3,'2019-06-30 19:21:45'),(308,136,39,3.00,1,'2019-07-01 14:57:13'),(309,137,32,2.00,6,'2019-07-01 14:58:47'),(310,137,28,0.54,25,'2019-07-01 14:58:47'),(311,137,46,0.50,1,'2019-07-01 14:58:47'),(312,138,27,0.50,1,'2019-07-01 15:03:32'),(313,138,44,1.00,1,'2019-07-01 15:03:32'),(314,139,9,5.50,1,'2019-07-01 15:21:11'),(315,139,30,1.25,1,'2019-07-01 15:21:11'),(316,139,13,4.00,1,'2019-07-01 15:21:11'),(317,139,53,1.00,1,'2019-07-01 15:21:11'),(318,139,53,1.00,1,'2019-07-01 15:21:11'),(319,139,30,1.25,2,'2019-07-01 15:21:11'),(320,139,27,0.50,1,'2019-07-01 15:21:11'),(321,139,4,2.50,2,'2019-07-01 15:21:11'),(322,139,3,3.00,1,'2019-07-01 15:21:11'),(323,140,1,1.50,1,'2019-07-01 15:23:45'),(324,141,18,50.00,1,'2019-07-01 16:18:58'),(325,141,27,0.50,14,'2019-07-01 16:18:58'),(326,142,1,1.50,1,'2019-07-01 16:44:10'),(327,143,4,2.50,2,'2019-07-01 16:48:38'),(328,144,27,0.50,1,'2019-07-01 16:58:27'),(329,145,1,1.50,1,'2019-07-01 17:20:12'),(330,146,15,10.00,1,'2019-07-01 17:27:33'),(331,146,64,20.00,1,'2019-07-01 17:27:33'),(332,147,37,2.00,1,'2019-07-01 17:27:54'),(333,148,3,3.00,1,'2019-07-01 17:59:50'),(334,148,1,1.50,1,'2019-07-01 17:59:50'),(335,148,1,1.50,1,'2019-07-01 17:59:50'),(336,148,39,3.00,1,'2019-07-01 17:59:50'),(337,148,13,4.00,1,'2019-07-01 17:59:50'),(338,149,13,4.00,1,'2019-07-01 18:03:14'),(339,149,14,5.00,2,'2019-07-01 18:03:14'),(340,149,52,2.00,2,'2019-07-01 18:03:14'),(341,149,31,1.50,1,'2019-07-01 18:03:14'),(342,149,1,1.50,1,'2019-07-01 18:03:14'),(343,150,30,1.25,12,'2019-07-01 18:21:38'),(344,151,30,1.25,1,'2019-07-01 18:21:53'),(345,152,1,1.50,10,'2019-07-01 18:39:58'),(346,153,14,5.00,2,'2019-07-01 18:40:36'),(347,153,27,0.50,16,'2019-07-01 18:40:36'),(348,154,1,1.50,2,'2019-07-01 18:53:01'),(349,155,3,3.00,2,'2019-07-01 19:00:35'),(350,155,1,1.50,1,'2019-07-01 19:00:35'),(351,155,63,1.00,1,'2019-07-01 19:00:35'),(352,156,5,15.00,1,'2019-07-01 19:18:03'),(353,157,16,15.00,1,'2019-07-01 19:20:29'),(354,158,37,2.00,2,'2019-07-01 19:27:33'),(355,158,38,1.80,2,'2019-07-01 19:27:33'),(356,158,31,1.50,1,'2019-07-01 19:27:33'),(357,158,13,4.00,1,'2019-07-01 19:27:33'),(358,158,44,1.00,3,'2019-07-01 19:27:33'),(359,159,27,0.50,6,'2019-07-01 19:33:01'),(360,159,44,1.00,2,'2019-07-01 19:33:01'),(361,159,14,5.00,1,'2019-07-01 19:33:01'),(362,159,8,2.50,1,'2019-07-01 19:33:01'),(363,160,3,3.00,3,'2019-07-02 14:48:13'),(364,161,28,0.60,6,'2019-07-02 15:16:17'),(365,161,36,1.50,2,'2019-07-02 15:16:17'),(366,161,38,1.80,1,'2019-07-02 15:16:17'),(367,161,31,1.50,2,'2019-07-02 15:16:17'),(368,161,46,0.50,2,'2019-07-02 15:16:17'),(369,161,46,0.50,1,'2019-07-02 15:16:17'),(370,162,14,5.00,1,'2019-07-02 15:16:46'),(371,163,51,1.00,2,'2019-07-02 15:18:24'),(372,163,50,6.50,1,'2019-07-02 15:18:24'),(373,163,20,2.50,1,'2019-07-02 15:18:24'),(374,163,44,1.00,1,'2019-07-02 15:18:24'),(375,163,27,0.50,4,'2019-07-02 15:18:24'),(376,164,33,1.00,5,'2019-07-02 15:24:16'),(377,165,51,1.00,5,'2019-07-02 16:01:37'),(378,166,63,1.00,2,'2019-07-02 16:33:19'),(379,167,11,7.50,1,'2019-07-02 16:39:50'),(380,168,15,10.00,1,'2019-07-02 16:40:19'),(381,169,28,0.60,8,'2019-07-02 16:42:33'),(382,170,46,0.50,2,'2019-07-02 16:43:08'),(383,171,29,1.00,1,'2019-07-02 16:43:27'),(384,172,9,5.50,1,'2019-07-02 17:13:59'),(385,172,30,1.25,3,'2019-07-02 17:13:59'),(386,173,1,1.50,1,'2019-07-02 17:31:44'),(387,173,2,2.25,1,'2019-07-02 17:31:44'),(388,174,5,15.00,1,'2019-07-02 17:49:44'),(389,175,44,1.00,3,'2019-07-02 17:54:56'),(390,175,16,15.00,1,'2019-07-02 17:54:56'),(391,175,21,5.00,1,'2019-07-02 17:54:56'),(392,175,11,7.50,2,'2019-07-02 17:54:56'),(393,175,67,3.00,2,'2019-07-02 17:54:56'),(394,176,44,1.00,3,'2019-07-02 18:01:54'),(395,176,34,1.20,3,'2019-07-02 18:01:54'),(396,176,30,1.25,2,'2019-07-02 18:01:54'),(397,176,34,1.20,2,'2019-07-02 18:01:54'),(398,176,17,25.00,1,'2019-07-02 18:01:54'),(399,176,51,1.00,1,'2019-07-02 18:01:54'),(400,176,21,5.00,1,'2019-07-02 18:01:54'),(401,176,36,1.50,2,'2019-07-02 18:01:54'),(402,176,47,1.00,1,'2019-07-02 18:01:54'),(403,177,17,25.00,1,'2019-07-02 18:03:13'),(404,177,68,3.50,4,'2019-07-02 18:03:13'),(405,177,11,7.50,1,'2019-07-02 18:03:13'),(406,177,22,4.00,1,'2019-07-02 18:03:13'),(407,178,66,6.00,4,'2019-07-02 18:03:39'),(408,179,14,5.00,1,'2019-07-02 18:04:08'),(409,180,15,10.00,2,'2019-07-02 18:04:46'),(410,181,56,3.50,1,'2019-07-02 18:10:10'),(411,181,56,3.50,1,'2019-07-02 18:10:10'),(412,182,5,15.00,1,'2019-07-02 18:21:14'),(413,182,1,1.50,2,'2019-07-02 18:21:14'),(414,182,3,3.00,1,'2019-07-02 18:21:14'),(415,183,14,5.00,1,'2019-07-02 18:53:34'),(416,183,30,1.25,1,'2019-07-02 18:53:34'),(417,183,1,1.50,3,'2019-07-02 18:53:34'),(418,184,30,1.25,1,'2019-07-02 18:54:18'),(419,185,14,5.00,1,'2019-07-02 19:19:01'),(420,185,27,0.50,2,'2019-07-02 19:19:01'),(421,186,28,0.60,7,'2019-07-02 19:21:32'),(422,186,44,1.00,3,'2019-07-02 19:21:32'),(423,187,36,1.50,1,'2019-07-02 19:24:22'),(424,187,27,0.50,1,'2019-07-02 19:24:22'),(425,188,52,2.00,1,'2019-07-02 19:40:05'),(426,188,51,1.00,2,'2019-07-02 19:40:05'),(427,189,69,2.50,1,'2019-07-02 20:29:01'),(428,190,4,2.50,1,'2019-07-03 16:41:28'),(429,191,34,1.20,2,'2019-07-03 16:54:01'),(430,191,30,1.25,1,'2019-07-03 16:54:01'),(431,191,13,4.00,1,'2019-07-03 16:54:01'),(432,192,3,3.00,1,'2019-07-03 16:54:15'),(433,193,1,1.50,3,'2019-07-03 16:54:56'),(434,194,20,2.50,1,'2019-07-03 17:37:06'),(435,194,34,1.20,5,'2019-07-03 17:37:06'),(436,194,16,15.00,1,'2019-07-03 17:37:06'),(437,194,46,0.50,3,'2019-07-03 17:37:06'),(438,195,3,3.00,2,'2019-07-03 17:53:56'),(439,196,35,1.50,1,'2019-07-03 18:18:36'),(440,197,27,0.50,4,'2019-07-03 18:27:45'),(441,197,1,1.50,2,'2019-07-03 18:27:45'),(442,198,1,1.50,1,'2019-07-03 18:28:39'),(443,198,27,0.50,1,'2019-07-03 18:28:39'),(444,199,29,1.00,2,'2019-07-03 19:12:55'),(445,199,15,10.00,1,'2019-07-03 19:12:55'),(446,200,3,3.00,1,'2019-07-03 19:18:36'),(447,201,5,15.00,2,'2019-07-04 15:09:21'),(448,202,51,1.00,3,'2019-07-06 14:35:21'),(449,203,59,1.50,1,'2019-07-06 14:36:24'),(450,203,55,0.70,1,'2019-07-06 14:36:24'),(451,204,29,1.00,2,'2019-07-06 14:39:04'),(452,204,52,2.00,1,'2019-07-06 14:39:04'),(453,205,59,1.50,2,'2019-07-06 15:05:53'),(454,206,27,0.50,1,'2019-07-06 15:06:12'),(455,207,5,15.00,1,'2019-07-06 15:15:42'),(456,208,16,15.00,1,'2019-07-06 15:31:16'),(457,208,27,0.40,25,'2019-07-06 15:31:16'),(458,209,28,0.60,3,'2019-07-06 15:32:31'),(459,210,47,1.00,1,'2019-07-06 15:33:49'),(460,210,44,1.00,2,'2019-07-06 15:33:49'),(461,211,34,1.20,1,'2019-07-06 15:43:54'),(462,212,29,1.00,10,'2019-07-06 16:18:12'),(463,212,44,1.00,5,'2019-07-06 16:18:12'),(464,212,7,1.50,1,'2019-07-06 16:18:12'),(465,212,39,3.00,2,'2019-07-06 16:18:12'),(466,213,13,4.00,1,'2019-07-06 16:34:54'),(467,213,14,5.00,1,'2019-07-06 16:34:54'),(468,213,33,1.00,6,'2019-07-06 16:34:54'),(469,214,55,0.40,20,'2019-07-06 16:35:52'),(470,215,35,1.50,2,'2019-07-06 16:45:25'),(471,216,22,4.00,1,'2019-07-06 18:32:45'),(472,216,20,2.50,1,'2019-07-06 18:32:45'),(473,216,9,5.50,2,'2019-07-06 18:32:45'),(474,216,28,0.60,4,'2019-07-06 18:32:45'),(475,216,46,0.50,1,'2019-07-06 18:32:45'),(476,217,52,2.00,2,'2019-07-06 18:41:24'),(477,217,30,1.25,1,'2019-07-06 18:41:24'),(478,217,9,5.50,1,'2019-07-06 18:41:24'),(479,217,20,2.50,1,'2019-07-06 18:41:24'),(480,218,11,7.50,1,'2019-07-06 18:44:51'),(481,218,20,2.50,1,'2019-07-06 18:44:51'),(482,218,36,1.50,2,'2019-07-06 18:44:51'),(483,218,28,0.60,2,'2019-07-06 18:44:51'),(484,218,15,10.00,1,'2019-07-06 18:44:51'),(485,219,1,1.50,3,'2019-07-06 19:21:37'),(486,219,2,2.25,2,'2019-07-06 19:21:37'),(487,219,3,3.00,1,'2019-07-06 19:21:37'),(488,219,3,3.00,1,'2019-07-06 19:21:37'),(489,220,22,4.00,1,'2019-07-06 19:26:51'),(490,220,11,7.50,1,'2019-07-06 19:26:51'),(491,220,14,5.00,1,'2019-07-06 19:26:51'),(492,220,36,1.50,1,'2019-07-06 19:26:51'),(493,220,44,1.00,1,'2019-07-06 19:26:51'),(494,220,29,1.00,1,'2019-07-06 19:26:51'),(495,221,14,5.00,1,'2019-07-06 19:56:22'),(496,221,47,1.00,1,'2019-07-06 19:56:22'),(497,221,27,0.40,25,'2019-07-06 19:56:22'),(498,221,44,1.00,5,'2019-07-06 19:56:22'),(499,222,13,4.00,1,'2019-07-06 19:57:33'),(500,223,52,2.00,2,'2019-07-06 20:00:58'),(501,223,35,1.50,1,'2019-07-06 20:00:58'),(502,223,37,2.00,1,'2019-07-06 20:00:58'),(503,223,16,15.00,1,'2019-07-06 20:00:58'),(504,224,51,1.00,6,'2019-07-06 20:21:55'),(505,224,52,2.00,2,'2019-07-06 20:21:55'),(506,224,44,1.00,2,'2019-07-06 20:21:55'),(507,225,35,1.50,1,'2019-07-06 20:22:14'),(508,226,35,1.50,2,'2019-07-06 20:22:42'),(509,226,44,1.00,2,'2019-07-06 20:22:42'),(510,227,28,0.60,2,'2019-07-07 16:50:14'),(511,227,6,1.00,2,'2019-07-07 16:50:14'),(512,227,43,0.20,3,'2019-07-07 16:50:14'),(513,227,52,2.00,1,'2019-07-07 16:50:14'),(514,227,7,1.50,1,'2019-07-07 16:50:14'),(515,227,51,1.00,2,'2019-07-07 16:50:14'),(516,227,27,0.50,4,'2019-07-07 16:50:14'),(517,228,66,6.00,1,'2019-07-08 15:16:52'),(518,228,65,6.00,2,'2019-07-08 15:16:52'),(519,229,13,4.00,1,'2019-07-08 15:36:55'),(520,229,27,0.50,2,'2019-07-08 15:36:55'),(521,230,52,2.00,1,'2019-07-08 17:00:50'),(522,230,33,1.00,1,'2019-07-08 17:00:50'),(523,231,16,15.00,1,'2019-07-08 17:01:05'),(524,232,14,5.00,1,'2019-07-08 17:34:41'),(525,232,50,6.50,1,'2019-07-08 17:34:41'),(526,232,22,4.00,1,'2019-07-08 17:34:41'),(527,232,30,1.25,3,'2019-07-08 17:34:41'),(528,232,46,0.50,1,'2019-07-08 17:34:41'),(529,233,3,3.00,1,'2019-07-08 17:51:21'),(530,233,4,2.50,1,'2019-07-08 17:51:21'),(531,234,39,3.00,1,'2019-07-08 17:56:03'),(532,234,32,2.00,1,'2019-07-08 17:56:03'),(533,234,31,1.50,1,'2019-07-08 17:56:03'),(534,234,51,1.00,1,'2019-07-08 17:56:03'),(535,235,15,10.00,1,'2019-07-08 18:53:38'),(536,235,11,7.50,1,'2019-07-08 18:53:38'),(537,235,21,5.00,1,'2019-07-08 18:53:38'),(538,235,34,1.20,1,'2019-07-08 18:53:38'),(539,235,35,1.50,1,'2019-07-08 18:53:38'),(540,235,46,0.50,2,'2019-07-08 18:53:38'),(541,235,71,1.80,1,'2019-07-08 18:53:38'),(542,236,16,15.00,1,'2019-07-08 19:09:50'),(543,236,44,1.00,3,'2019-07-08 19:09:50'),(544,236,11,7.50,1,'2019-07-08 19:09:50'),(545,237,30,1.25,1,'2019-07-08 19:48:01'),(546,238,63,1.00,1,'2019-07-08 19:51:48'),(547,239,15,10.00,1,'2019-07-08 19:54:31'),(548,239,52,2.00,1,'2019-07-08 19:54:31'),(549,240,13,4.00,1,'2019-07-08 20:33:39'),(550,240,33,1.00,1,'2019-07-08 20:33:39'),(551,240,28,0.60,1,'2019-07-08 20:33:39'),(552,241,21,5.00,1,'2019-07-09 15:02:52'),(553,241,11,7.50,2,'2019-07-09 15:02:52'),(554,241,34,1.20,2,'2019-07-09 15:02:52'),(555,241,38,1.80,2,'2019-07-09 15:02:52'),(556,241,44,1.00,5,'2019-07-09 15:02:52'),(557,241,17,25.00,1,'2019-07-09 15:02:52'),(558,242,16,15.00,1,'2019-07-09 15:31:24'),(559,242,28,0.60,5,'2019-07-09 15:31:24'),(560,243,39,3.00,1,'2019-07-09 15:32:01'),(561,243,15,10.00,1,'2019-07-09 15:32:01'),(562,244,1,1.50,1,'2019-07-09 15:41:27'),(563,245,15,10.00,1,'2019-07-09 15:52:06'),(564,245,11,7.50,1,'2019-07-09 15:52:06'),(565,246,14,5.00,1,'2019-07-09 15:54:48'),(566,246,7,1.50,1,'2019-07-09 15:54:48'),(567,246,28,0.60,6,'2019-07-09 15:54:48'),(568,246,24,10.00,1,'2019-07-09 15:54:48'),(569,247,2,2.25,2,'2019-07-09 15:55:42'),(570,248,39,3.00,1,'2019-07-09 16:11:22'),(571,248,52,2.00,1,'2019-07-09 16:11:22'),(572,248,14,5.00,1,'2019-07-09 16:11:22'),(573,249,7,1.50,4,'2019-07-09 16:25:31'),(574,249,33,1.00,10,'2019-07-09 16:25:31'),(575,250,11,7.50,3,'2019-07-09 16:45:30'),(576,250,22,4.00,1,'2019-07-09 16:45:30'),(577,250,20,2.50,2,'2019-07-09 16:45:30'),(578,250,15,10.00,3,'2019-07-09 16:45:30'),(579,250,29,1.00,15,'2019-07-09 16:45:30'),(580,250,44,1.00,5,'2019-07-09 16:45:30'),(581,250,46,0.50,2,'2019-07-09 16:45:30'),(582,250,36,1.50,6,'2019-07-09 16:45:30'),(583,250,44,1.00,1,'2019-07-09 16:45:30'),(584,251,12,12.00,1,'2019-07-09 16:46:59'),(585,251,21,5.00,1,'2019-07-09 16:46:59'),(586,251,16,15.00,1,'2019-07-09 16:46:59'),(587,252,39,3.00,3,'2019-07-09 17:07:13'),(588,253,52,2.00,2,'2019-07-09 17:12:19'),(589,253,30,1.25,4,'2019-07-09 17:12:19'),(590,253,27,0.50,2,'2019-07-09 17:12:19'),(591,254,65,6.00,2,'2019-07-09 17:12:35'),(592,255,35,1.50,1,'2019-07-09 17:26:32'),(593,255,13,4.00,1,'2019-07-09 17:26:32'),(594,255,44,1.00,1,'2019-07-09 17:26:32'),(595,255,9,5.50,1,'2019-07-09 17:26:32'),(596,256,36,1.50,1,'2019-07-09 17:35:44'),(597,256,34,1.20,2,'2019-07-09 17:35:44'),(598,256,46,0.50,2,'2019-07-09 17:35:44'),(599,257,14,5.00,1,'2019-07-09 17:57:55'),(600,257,7,1.50,2,'2019-07-09 17:57:55'),(601,258,21,5.00,1,'2019-07-09 18:11:01'),(602,258,50,6.50,1,'2019-07-09 18:11:01'),(603,258,63,1.00,1,'2019-07-09 18:11:01'),(604,258,28,0.60,3,'2019-07-09 18:11:01'),(605,258,34,1.20,2,'2019-07-09 18:11:01'),(606,258,44,1.00,1,'2019-07-09 18:11:01'),(607,258,46,0.50,1,'2019-07-09 18:11:01'),(608,259,28,0.60,8,'2019-07-09 18:19:24'),(609,259,46,0.50,1,'2019-07-09 18:19:24'),(610,260,52,2.00,2,'2019-07-09 18:19:36'),(611,261,34,1.20,5,'2019-07-09 18:41:11'),(612,261,17,25.00,1,'2019-07-09 18:41:11'),(613,261,44,1.00,2,'2019-07-09 18:41:11'),(614,262,1,1.50,1,'2019-07-09 19:20:57'),(615,262,22,4.00,1,'2019-07-09 19:20:57'),(616,262,11,7.50,1,'2019-07-09 19:20:57'),(617,262,44,1.00,4,'2019-07-09 19:20:57'),(618,262,36,1.50,1,'2019-07-09 19:20:57'),(619,263,14,5.00,1,'2019-07-09 19:58:04'),(620,263,44,1.00,2,'2019-07-09 19:58:04'),(621,263,22,4.00,1,'2019-07-09 19:58:04'),(622,263,11,7.50,1,'2019-07-09 19:58:04'),(623,263,14,5.00,1,'2019-07-09 19:58:04'),(624,263,27,0.50,6,'2019-07-09 19:58:04'),(625,264,38,1.80,25,'2019-07-10 16:06:43'),(626,264,17,25.00,1,'2019-07-10 16:06:43'),(627,265,28,0.60,6,'2019-07-10 18:18:10'),(628,266,1,1.50,2,'2019-07-10 18:53:57'),(629,267,14,5.00,2,'2019-07-10 18:54:41'),(630,268,28,0.60,1,'2019-07-10 18:55:04'),(631,269,1,1.50,1,'2019-07-10 18:55:30'),(632,270,3,3.00,2,'2019-07-10 19:08:56'),(633,271,27,0.50,2,'2019-07-10 19:09:22'),(634,271,44,1.00,1,'2019-07-10 19:09:22'),(635,272,18,50.00,1,'2019-07-10 19:51:09'),(636,272,38,1.80,25,'2019-07-10 19:51:09'),(637,273,34,1.20,1,'2019-07-10 19:55:13'),(638,273,14,5.00,1,'2019-07-10 19:55:13'),(639,274,14,5.00,1,'2019-07-10 19:55:50'),(640,274,33,1.00,1,'2019-07-10 19:55:50'),(641,274,27,0.50,4,'2019-07-10 19:55:50'),(642,275,34,1.20,1,'2019-07-11 15:32:28'),(643,275,44,1.00,1,'2019-07-11 15:32:28'),(644,275,7,1.50,1,'2019-07-11 15:32:28'),(645,276,14,5.00,1,'2019-07-11 17:27:21'),(646,276,51,1.00,1,'2019-07-11 17:27:21'),(647,277,30,1.25,2,'2019-07-11 17:35:06'),(648,277,52,2.00,2,'2019-07-11 17:35:06'),(649,278,9,5.50,1,'2019-07-11 18:06:53'),(650,278,14,5.00,1,'2019-07-11 18:06:53'),(651,278,33,1.00,4,'2019-07-11 18:06:53'),(652,278,27,0.50,1,'2019-07-11 18:06:53'),(653,279,37,2.00,3,'2019-07-11 18:35:03'),(654,279,71,1.80,1,'2019-07-11 18:35:03'),(655,279,44,1.00,4,'2019-07-11 18:35:03'),(656,279,14,5.00,1,'2019-07-11 18:35:03'),(657,279,13,4.00,1,'2019-07-11 18:35:03'),(658,280,31,1.50,1,'2019-07-11 18:35:43'),(659,280,7,1.50,1,'2019-07-11 18:35:43'),(660,281,14,5.00,1,'2019-07-11 18:36:23'),(661,281,33,1.00,4,'2019-07-11 18:36:23'),(662,282,19,2.00,1,'2019-07-11 19:04:20'),(663,282,44,1.00,2,'2019-07-11 19:04:20'),(664,283,36,1.50,1,'2019-07-11 19:05:55'),(665,283,51,1.00,3,'2019-07-11 19:05:55'),(666,283,51,1.00,1,'2019-07-11 19:05:55'),(667,283,46,0.50,3,'2019-07-11 19:05:55'),(668,283,19,2.00,1,'2019-07-11 19:05:55'),(669,284,1,1.50,2,'2019-07-11 19:29:49'),(670,285,28,0.60,7,'2019-07-11 19:30:53'),(671,285,44,1.00,1,'2019-07-11 19:30:53'),(672,285,30,1.25,1,'2019-07-11 19:30:53'),(673,285,46,0.50,1,'2019-07-11 19:30:53'),(674,286,5,15.00,1,'2019-07-12 15:59:47'),(675,287,1,1.25,21,'2019-07-12 16:41:41'),(676,288,70,1.80,3,'2019-07-12 17:03:33'),(677,288,68,3.50,1,'2019-07-12 17:03:33'),(678,288,16,15.00,1,'2019-07-12 17:03:33'),(679,289,39,3.00,1,'2019-07-12 17:07:13'),(680,289,13,4.00,1,'2019-07-12 17:07:13'),(681,290,27,0.50,5,'2019-07-12 17:27:16'),(682,290,33,1.00,6,'2019-07-12 17:27:16'),(683,290,27,0.50,2,'2019-07-12 17:27:16'),(684,290,6,1.00,2,'2019-07-12 17:27:16'),(685,290,7,1.50,1,'2019-07-12 17:27:16'),(686,291,3,3.00,1,'2019-07-12 17:28:35'),(687,292,36,1.50,2,'2019-07-12 17:36:27'),(688,292,46,0.50,1,'2019-07-12 17:36:27'),(689,293,3,3.00,1,'2019-07-12 17:37:21'),(690,294,1,1.50,3,'2019-07-12 18:06:11'),(691,295,27,0.50,3,'2019-07-12 18:20:34'),(692,296,27,0.50,4,'2019-07-12 18:31:05'),(693,296,44,1.00,2,'2019-07-12 18:31:05'),(694,296,28,0.60,3,'2019-07-12 18:31:05'),(695,297,21,5.00,1,'2019-07-12 19:26:09'),(696,297,16,15.00,1,'2019-07-12 19:26:09'),(697,297,11,7.50,1,'2019-07-12 19:26:09'),(698,297,27,0.50,4,'2019-07-12 19:26:09'),(699,297,44,1.00,2,'2019-07-12 19:26:09'),(700,297,52,2.00,1,'2019-07-12 19:26:09'),(701,298,27,0.50,2,'2019-07-12 19:26:24'),(702,299,27,0.50,4,'2019-07-12 19:33:41'),(703,299,34,1.20,2,'2019-07-12 19:33:41'),(704,299,44,1.00,2,'2019-07-12 19:33:41'),(705,300,11,7.50,2,'2019-07-13 14:28:17'),(706,300,75,2.00,1,'2019-07-13 14:28:17'),(707,300,75,2.00,1,'2019-07-13 14:28:17'),(708,300,34,1.20,3,'2019-07-13 14:28:17'),(709,300,21,5.00,1,'2019-07-13 14:28:17'),(710,300,1,1.50,1,'2019-07-13 14:28:17'),(711,300,52,2.00,1,'2019-07-13 14:28:17'),(712,301,11,7.50,1,'2019-07-13 14:31:53'),(713,301,22,4.00,1,'2019-07-13 14:31:53'),(714,301,15,10.00,1,'2019-07-13 14:31:53'),(715,302,30,1.25,2,'2019-07-13 14:35:29'),(716,302,34,1.20,1,'2019-07-13 14:35:29'),(717,302,34,1.20,1,'2019-07-13 14:35:29'),(718,302,8,2.50,1,'2019-07-13 14:35:29'),(719,302,19,2.00,1,'2019-07-13 14:35:29'),(720,302,44,1.00,1,'2019-07-13 14:35:29'),(721,303,37,2.00,1,'2019-07-13 14:45:22'),(722,304,46,0.50,1,'2019-07-13 15:01:37'),(723,305,28,0.60,2,'2019-07-13 15:14:40'),(724,305,34,1.20,1,'2019-07-13 15:14:40'),(725,306,44,1.00,2,'2019-07-13 15:17:03'),(726,306,35,1.50,1,'2019-07-13 15:17:03'),(727,306,2,2.25,1,'2019-07-13 15:17:03'),(728,307,1,1.50,2,'2019-07-13 15:19:26'),(729,307,2,2.25,1,'2019-07-13 15:19:26'),(730,308,16,15.00,1,'2019-07-13 15:28:33'),(731,308,11,7.50,1,'2019-07-13 15:28:33'),(732,308,25,30.00,1,'2019-07-13 15:28:33'),(733,308,34,1.20,4,'2019-07-13 15:28:33'),(734,308,34,1.20,2,'2019-07-13 15:28:33'),(735,308,35,1.50,1,'2019-07-13 15:28:33'),(736,308,34,1.20,1,'2019-07-13 15:28:33'),(737,308,44,1.00,4,'2019-07-13 15:28:33'),(738,308,46,0.50,1,'2019-07-13 15:28:33'),(739,308,34,1.20,1,'2019-07-13 15:28:33'),(740,308,1,1.50,1,'2019-07-13 15:28:33'),(741,309,14,5.00,1,'2019-07-13 15:38:43'),(742,309,46,0.50,1,'2019-07-13 15:38:43'),(743,310,1,1.50,2,'2019-07-13 15:41:00'),(744,311,1,1.50,1,'2019-07-13 15:41:58'),(745,312,26,45.00,1,'2019-07-13 16:37:22'),(746,312,17,25.00,1,'2019-07-13 16:37:22'),(747,313,26,45.00,1,'2019-07-13 16:39:46'),(748,313,11,7.50,1,'2019-07-13 16:39:46'),(749,314,1,1.50,1,'2019-07-13 16:39:58'),(750,315,28,0.60,3,'2019-07-13 16:51:02'),(751,315,44,1.00,1,'2019-07-13 16:51:02'),(752,315,44,1.00,1,'2019-07-13 16:51:02'),(753,316,30,1.25,3,'2019-07-13 16:54:23'),(754,316,51,1.00,1,'2019-07-13 16:54:23'),(755,316,13,4.00,1,'2019-07-13 16:54:23'),(756,316,51,1.00,1,'2019-07-13 16:54:23'),(757,317,28,0.60,3,'2019-07-13 16:58:31'),(758,318,28,0.60,5,'2019-07-13 16:59:04'),(759,319,25,30.00,1,'2019-07-13 17:02:12'),(760,319,52,2.00,5,'2019-07-13 17:02:12'),(761,319,50,6.50,1,'2019-07-13 17:02:12'),(762,320,44,1.00,5,'2019-07-13 17:23:28'),(763,320,44,1.00,5,'2019-07-13 17:23:28'),(764,320,34,1.20,5,'2019-07-13 17:23:28'),(765,320,22,4.00,1,'2019-07-13 17:23:28'),(766,320,11,7.50,1,'2019-07-13 17:23:28'),(767,321,34,1.20,3,'2019-07-13 17:24:02'),(768,322,75,2.00,2,'2019-07-13 17:24:37'),(769,323,32,2.00,1,'2019-07-13 17:30:03'),(770,323,46,0.50,1,'2019-07-13 17:30:03'),(771,324,56,3.50,1,'2019-07-13 17:35:49'),(772,325,24,10.00,1,'2019-07-13 17:40:27'),(773,325,12,12.00,1,'2019-07-13 17:40:27'),(774,325,13,4.00,1,'2019-07-13 17:40:27'),(775,325,11,7.50,1,'2019-07-13 17:40:27'),(776,325,16,15.00,1,'2019-07-13 17:40:27'),(777,325,39,3.00,3,'2019-07-13 17:40:27'),(778,325,52,2.00,3,'2019-07-13 17:40:27'),(779,326,27,0.50,4,'2019-07-13 18:00:36'),(780,326,34,1.20,35,'2019-07-13 18:00:36'),(781,326,36,1.50,2,'2019-07-13 18:00:36'),(782,326,34,1.20,2,'2019-07-13 18:00:36'),(783,326,46,0.50,1,'2019-07-13 18:00:36'),(784,326,47,1.00,1,'2019-07-13 18:00:36'),(785,327,52,2.00,1,'2019-07-13 18:21:43'),(786,328,1,1.50,2,'2019-07-13 18:26:00'),(787,329,11,7.50,1,'2019-07-13 18:30:45'),(788,329,39,3.00,1,'2019-07-13 18:30:45'),(789,329,52,2.00,1,'2019-07-13 18:30:45'),(790,329,30,1.25,3,'2019-07-13 18:30:45'),(791,330,51,1.00,1,'2019-07-13 18:31:24'),(792,330,27,0.50,1,'2019-07-13 18:31:24'),(793,331,1,1.50,1,'2019-07-13 18:38:45'),(794,332,3,3.00,1,'2019-07-13 18:44:56'),(795,333,53,1.00,1,'2019-07-13 18:45:52'),(796,334,1,1.50,2,'2019-07-13 19:30:56'),(797,335,28,0.60,3,'2019-07-13 19:33:46'),(798,335,34,1.20,2,'2019-07-13 19:33:46'),(799,335,28,0.60,1,'2019-07-13 19:33:46'),(800,336,14,5.00,1,'2019-07-13 19:37:42'),(801,337,27,0.50,4,'2019-07-13 19:40:19'),(802,337,44,1.00,1,'2019-07-13 19:40:19'),(803,338,34,1.20,2,'2019-07-13 19:51:24'),(804,338,27,0.50,4,'2019-07-13 19:51:24'),(805,338,46,0.50,1,'2019-07-13 19:51:24'),(806,339,68,3.50,1,'2019-07-13 19:51:49'),(807,339,53,1.00,1,'2019-07-13 19:51:49'),(808,340,12,12.00,1,'2019-07-14 15:07:33'),(809,340,28,0.60,2,'2019-07-14 15:07:33'),(810,340,34,1.20,2,'2019-07-14 15:07:33'),(811,340,44,1.00,3,'2019-07-14 15:07:33'),(812,340,14,5.00,1,'2019-07-14 15:07:33'),(813,340,53,1.00,2,'2019-07-14 15:07:33'),(814,341,6,1.00,2,'2019-07-14 15:12:51'),(815,342,68,3.50,1,'2019-07-14 15:17:22'),(816,342,39,3.00,1,'2019-07-14 15:17:22'),(817,342,11,7.50,1,'2019-07-14 15:17:22'),(818,342,22,4.00,1,'2019-07-14 15:17:22'),(819,342,38,2.00,1,'2019-07-14 15:17:22'),(820,343,76,35.00,1,'2019-07-14 15:18:23'),(821,343,12,12.00,1,'2019-07-14 15:18:23'),(822,344,27,0.50,1,'2019-07-14 15:19:47'),(823,344,30,1.25,1,'2019-07-14 15:19:47'),(824,344,34,1.20,1,'2019-07-14 15:19:47'),(825,345,39,3.00,2,'2019-07-14 15:25:08'),(826,345,14,5.00,1,'2019-07-14 15:25:08'),(827,346,74,2.50,1,'2019-07-14 15:26:57'),(828,346,9,5.50,1,'2019-07-14 15:26:57'),(829,346,39,3.00,1,'2019-07-14 15:26:57'),(830,347,39,3.00,1,'2019-07-14 15:39:01'),(831,348,18,50.00,1,'2019-07-14 15:46:58'),(832,349,46,0.50,1,'2019-07-14 15:47:12'),(833,350,14,5.00,1,'2019-07-14 15:52:33'),(834,350,27,0.50,8,'2019-07-14 15:52:33'),(835,350,44,1.00,2,'2019-07-14 15:52:33'),(836,350,31,1.50,1,'2019-07-14 15:52:33'),(837,351,6,1.00,2,'2019-07-14 15:55:50'),(838,351,32,2.00,1,'2019-07-14 15:55:50'),(839,352,5,15.00,1,'2019-07-14 16:03:14'),(840,353,24,10.00,1,'2019-07-14 16:04:15'),(841,353,15,10.00,1,'2019-07-14 16:04:15'),(842,353,52,2.00,4,'2019-07-14 16:04:15'),(843,353,11,7.50,1,'2019-07-14 16:04:15'),(844,353,5,15.00,1,'2019-07-14 16:04:15'),(845,354,11,7.50,1,'2019-07-14 16:18:19'),(846,354,37,2.00,4,'2019-07-14 16:18:19'),(847,354,36,1.50,2,'2019-07-14 16:18:19'),(848,354,46,0.50,2,'2019-07-14 16:18:19'),(849,355,1,1.50,7,'2019-07-14 16:18:53'),(850,355,2,2.25,1,'2019-07-14 16:18:53'),(851,355,72,5.00,1,'2019-07-14 16:18:53'),(852,356,35,1.50,1,'2019-07-14 16:22:59'),(853,356,51,1.00,1,'2019-07-14 16:22:59'),(854,356,44,1.00,1,'2019-07-14 16:22:59'),(855,356,17,25.00,1,'2019-07-14 16:22:59'),(856,357,30,1.25,1,'2019-07-14 16:26:08'),(857,358,13,4.00,1,'2019-07-14 16:28:19'),(858,358,30,1.25,1,'2019-07-14 16:28:19'),(859,358,43,0.20,5,'2019-07-14 16:28:19'),(860,358,6,1.00,1,'2019-07-14 16:28:19'),(861,359,77,60.00,1,'2019-07-14 16:32:27'),(862,360,76,35.00,1,'2019-07-14 16:34:06'),(863,361,34,1.20,1,'2019-07-14 16:35:47'),(864,361,27,0.50,4,'2019-07-14 16:35:47'),(865,361,46,0.50,1,'2019-07-14 16:35:47'),(866,361,27,0.50,1,'2019-07-14 16:35:47'),(867,362,44,1.00,1,'2019-07-14 16:37:18'),(868,363,14,5.00,1,'2019-07-14 16:39:57'),(869,363,34,1.20,1,'2019-07-14 16:39:57'),(870,363,27,0.50,1,'2019-07-14 16:39:57'),(871,364,51,1.00,1,'2019-07-14 16:47:53'),(872,365,11,7.50,2,'2019-07-14 16:48:52'),(873,365,67,3.00,1,'2019-07-14 16:48:52'),(874,365,44,1.00,5,'2019-07-14 16:48:52'),(875,365,67,3.00,1,'2019-07-14 16:48:52'),(876,365,17,25.00,1,'2019-07-14 16:48:52'),(877,366,28,0.60,3,'2019-07-14 16:51:06'),(878,366,31,1.50,1,'2019-07-14 16:51:06'),(879,367,5,15.00,1,'2019-07-14 16:56:29'),(880,368,52,2.00,4,'2019-07-14 16:57:15'),(881,368,13,4.00,2,'2019-07-14 16:57:15'),(882,369,11,7.50,2,'2019-07-14 17:15:02'),(883,369,14,5.00,1,'2019-07-14 17:15:02'),(884,369,15,10.00,1,'2019-07-14 17:15:02'),(885,369,37,2.00,2,'2019-07-14 17:15:02'),(886,369,70,1.80,2,'2019-07-14 17:15:02'),(887,369,21,5.00,1,'2019-07-14 17:15:02'),(888,369,22,4.00,1,'2019-07-14 17:15:02'),(889,369,44,1.00,5,'2019-07-14 17:15:02'),(890,369,36,1.50,2,'2019-07-14 17:15:02'),(891,369,11,7.50,1,'2019-07-14 17:15:02'),(892,370,28,0.60,1,'2019-07-14 17:16:06'),(893,371,52,2.00,1,'2019-07-14 17:17:01'),(894,372,1,1.50,3,'2019-07-14 17:19:41'),(895,372,4,2.50,1,'2019-07-14 17:19:41'),(896,373,11,7.50,2,'2019-07-14 17:32:07'),(897,373,20,2.50,2,'2019-07-14 17:32:07'),(898,373,15,10.00,1,'2019-07-14 17:32:07'),(899,373,28,0.60,5,'2019-07-14 17:32:07'),(900,373,46,0.50,3,'2019-07-14 17:32:07'),(901,374,15,10.00,1,'2019-07-14 17:34:15'),(902,374,21,5.00,1,'2019-07-14 17:34:15'),(903,374,11,7.50,1,'2019-07-14 17:34:15'),(904,375,68,3.50,1,'2019-07-14 17:34:31'),(905,376,39,3.00,3,'2019-07-14 17:37:49'),(906,377,35,1.50,4,'2019-07-14 17:48:00'),(907,377,44,1.00,3,'2019-07-14 17:48:00'),(908,377,18,50.00,1,'2019-07-14 17:48:00'),(909,377,31,1.50,1,'2019-07-14 17:48:00'),(910,377,35,1.50,2,'2019-07-14 17:48:00'),(911,377,44,1.00,1,'2019-07-14 17:48:00'),(912,378,76,35.00,1,'2019-07-14 17:51:41'),(913,378,64,20.00,1,'2019-07-14 17:51:41'),(914,378,16,15.00,1,'2019-07-14 17:51:41'),(915,378,28,0.60,10,'2019-07-14 17:51:41'),(916,378,46,0.50,2,'2019-07-14 17:51:41'),(917,379,3,3.00,1,'2019-07-14 17:53:23'),(918,380,52,2.00,1,'2019-07-14 17:57:08'),(919,380,53,1.00,1,'2019-07-14 17:57:08'),(920,380,30,1.25,1,'2019-07-14 17:57:08'),(921,381,28,0.60,2,'2019-07-14 17:57:22'),(922,381,34,1.20,3,'2019-07-14 17:57:22'),(923,381,33,1.00,2,'2019-07-14 17:57:22'),(924,381,35,1.50,1,'2019-07-14 17:57:22'),(925,381,47,1.00,4,'2019-07-14 17:57:22'),(926,382,3,3.00,1,'2019-07-14 17:59:13'),(927,383,5,15.00,1,'2019-07-14 17:59:41'),(928,384,2,2.25,1,'2019-07-14 18:02:24'),(929,384,1,1.50,2,'2019-07-14 18:02:24'),(930,384,30,1.25,2,'2019-07-14 18:02:24'),(931,384,35,1.50,1,'2019-07-14 18:02:24'),(932,384,43,0.20,2,'2019-07-14 18:02:24'),(933,385,27,0.50,3,'2019-07-14 18:03:29'),(934,386,3,3.00,1,'2019-07-14 18:04:27'),(935,387,21,5.00,1,'2019-07-14 18:05:03'),(936,387,9,5.50,1,'2019-07-14 18:05:03'),(937,387,38,2.00,1,'2019-07-14 18:05:03'),(938,388,9,5.50,1,'2019-07-14 18:10:36'),(939,388,27,0.50,2,'2019-07-14 18:10:36'),(940,388,44,1.00,1,'2019-07-14 18:10:36'),(941,388,19,2.00,1,'2019-07-14 18:10:36'),(942,389,16,15.00,1,'2019-07-14 18:18:54'),(943,389,74,2.50,1,'2019-07-14 18:18:54'),(944,389,12,12.00,1,'2019-07-14 18:18:54'),(945,390,24,10.00,1,'2019-07-14 18:21:13'),(946,390,16,15.00,1,'2019-07-14 18:21:13'),(947,390,38,2.00,2,'2019-07-14 18:21:13'),(948,390,12,12.00,1,'2019-07-14 18:21:13'),(949,391,32,2.00,10,'2019-07-14 18:24:01'),(950,392,30,1.25,1,'2019-07-14 18:25:54'),(951,392,28,0.60,1,'2019-07-14 18:25:54'),(952,392,43,0.20,2,'2019-07-14 18:25:54'),(953,393,11,7.50,1,'2019-07-14 18:50:23'),(954,393,22,4.00,1,'2019-07-14 18:50:23'),(955,393,33,1.00,1,'2019-07-14 18:50:23'),(956,393,27,0.50,2,'2019-07-14 18:50:23'),(957,393,69,2.50,1,'2019-07-14 18:50:23'),(958,394,14,5.00,1,'2019-07-14 18:52:26'),(959,394,9,5.50,1,'2019-07-14 18:52:26'),(960,394,27,0.50,3,'2019-07-14 18:52:26'),(961,395,15,10.00,1,'2019-07-14 19:05:50'),(962,396,52,2.00,5,'2019-07-14 19:08:56'),(963,396,16,15.00,1,'2019-07-14 19:08:56'),(964,396,39,3.00,1,'2019-07-14 19:08:56'),(965,396,52,2.00,1,'2019-07-14 19:08:56'),(966,397,20,2.50,1,'2019-07-14 19:13:30'),(967,397,7,1.50,1,'2019-07-14 19:13:30'),(968,398,21,5.00,1,'2019-07-14 19:33:16'),(969,398,11,7.50,1,'2019-07-14 19:33:16'),(970,398,28,0.60,6,'2019-07-14 19:33:16'),(971,398,14,5.00,1,'2019-07-14 19:33:16'),(972,399,3,3.00,3,'2019-07-14 19:34:07'),(973,399,44,1.00,2,'2019-07-14 19:34:07'),(974,400,28,0.60,1,'2019-07-14 19:40:05'),(975,400,27,0.50,5,'2019-07-14 19:40:05'),(976,401,27,0.50,2,'2019-07-15 15:13:48'),(977,401,1,1.50,2,'2019-07-15 15:13:48'),(978,402,3,3.00,1,'2019-07-15 15:48:47'),(979,402,1,1.50,1,'2019-07-15 15:48:47'),(980,402,28,0.60,1,'2019-07-15 15:48:47'),(981,402,43,0.20,2,'2019-07-15 15:48:47'),(982,403,2,2.25,2,'2019-07-15 16:16:24'),(983,404,30,1.25,2,'2019-07-15 16:44:28'),(984,404,13,4.00,1,'2019-07-15 16:44:28'),(985,404,11,7.50,1,'2019-07-15 16:44:28'),(986,404,46,0.50,2,'2019-07-15 16:44:28'),(987,404,28,0.60,3,'2019-07-15 16:44:28'),(988,404,68,3.50,1,'2019-07-15 16:44:28'),(989,405,68,3.50,1,'2019-07-15 16:52:20'),(990,405,16,15.00,1,'2019-07-15 16:52:20'),(991,406,44,1.00,3,'2019-07-15 16:53:55'),(992,406,33,1.00,10,'2019-07-15 16:53:55'),(993,407,5,15.00,1,'2019-07-15 17:39:28'),(994,408,10,6.50,2,'2019-07-15 17:45:34'),(995,408,14,5.00,1,'2019-07-15 17:45:34'),(996,409,27,0.50,1,'2019-07-15 18:08:56'),(997,409,30,1.25,2,'2019-07-15 18:08:56'),(998,409,32,2.00,1,'2019-07-15 18:08:56'),(999,410,27,0.50,6,'2019-07-15 18:32:16'),(1000,411,22,4.00,1,'2019-07-15 18:51:56'),(1001,411,9,5.50,1,'2019-07-15 18:51:56'),(1002,411,52,2.00,3,'2019-07-15 18:51:56'),(1003,411,14,5.00,1,'2019-07-15 18:51:56'),(1004,411,14,5.00,1,'2019-07-15 18:51:56'),(1005,412,22,4.00,1,'2019-07-15 18:51:56'),(1006,412,9,5.50,1,'2019-07-15 18:51:56'),(1007,412,52,2.00,3,'2019-07-15 18:51:56'),(1008,412,14,5.00,1,'2019-07-15 18:51:56'),(1009,412,14,5.00,1,'2019-07-15 18:51:56'),(1010,413,27,0.50,4,'2019-07-15 19:08:19'),(1011,413,44,1.00,1,'2019-07-15 19:08:19'),(1012,413,31,1.50,1,'2019-07-15 19:08:19'),(1013,413,27,0.50,1,'2019-07-15 19:08:19'),(1014,414,14,5.00,1,'2019-07-15 19:08:43'),(1015,415,3,3.00,2,'2019-07-15 19:25:05'),(1016,416,14,5.00,1,'2019-07-15 19:32:58'),(1017,416,32,2.00,1,'2019-07-15 19:32:58'),(1018,416,29,1.00,1,'2019-07-15 19:32:58'),(1019,417,5,15.00,1,'2019-07-15 19:37:01'),(1020,418,14,5.00,1,'2019-07-15 19:38:18'),(1021,418,15,10.00,1,'2019-07-15 19:38:18'),(1022,419,14,5.00,1,'2019-07-15 20:13:29'),(1023,419,26,45.00,1,'2019-07-15 20:13:29'),(1024,420,9,5.50,1,'2019-07-16 16:47:17'),(1025,420,22,4.00,1,'2019-07-16 16:47:17'),(1026,420,15,10.00,1,'2019-07-16 16:47:17'),(1027,420,44,1.00,1,'2019-07-16 16:47:17'),(1028,420,47,1.00,1,'2019-07-16 16:47:17'),(1029,420,27,0.40,25,'2019-07-16 16:47:17'),(1030,420,32,2.00,1,'2019-07-16 16:47:17'),(1031,421,44,1.00,1,'2019-07-16 18:38:14'),(1032,421,27,0.50,8,'2019-07-16 18:38:14'),(1033,421,14,5.00,1,'2019-07-16 18:38:14'),(1034,422,14,5.00,1,'2019-07-17 16:10:57'),(1035,422,16,15.00,1,'2019-07-17 16:10:57'),(1036,423,44,1.00,1,'2019-07-17 17:16:28'),(1037,423,47,1.00,1,'2019-07-17 17:16:28'),(1038,424,3,3.00,3,'2019-07-17 17:23:59'),(1039,425,27,0.50,7,'2019-07-17 17:41:47'),(1040,425,27,0.50,2,'2019-07-17 17:41:47'),(1041,426,53,1.00,1,'2019-07-17 18:04:19'),(1042,427,53,1.00,1,'2019-07-17 18:04:53'),(1043,428,21,5.00,1,'2019-07-17 18:11:10'),(1044,428,9,5.50,1,'2019-07-17 18:11:10'),(1045,428,16,15.00,1,'2019-07-17 18:11:10'),(1046,428,44,1.00,2,'2019-07-17 18:11:10'),(1047,429,27,0.50,3,'2019-07-17 18:40:42'),(1048,430,31,1.50,2,'2019-07-17 18:58:09'),(1049,430,7,1.50,2,'2019-07-17 18:58:09'),(1050,430,52,2.00,2,'2019-07-17 18:58:09'),(1051,431,15,10.00,1,'2019-07-17 18:59:05'),(1052,431,27,0.50,8,'2019-07-17 18:59:05'),(1053,431,44,1.00,1,'2019-07-17 18:59:05'),(1054,431,46,0.50,1,'2019-07-17 18:59:05'),(1055,431,27,0.50,1,'2019-07-17 18:59:05'),(1056,432,18,50.00,1,'2019-07-17 19:23:44'),(1057,433,27,0.50,2,'2019-07-17 19:23:59'),(1058,434,27,0.50,4,'2019-07-17 19:37:03'),(1059,435,44,1.00,6,'2019-07-17 20:47:26'),(1060,435,37,2.00,2,'2019-07-17 20:47:26'),(1061,435,70,1.80,2,'2019-07-17 20:47:26'),(1062,435,35,1.50,2,'2019-07-17 20:47:26'),(1063,435,76,35.00,1,'2019-07-17 20:47:26'),(1064,435,64,20.00,1,'2019-07-17 20:47:26'),(1065,436,14,5.00,1,'2019-07-18 16:37:47'),(1066,436,38,2.00,1,'2019-07-18 16:37:47'),(1067,436,33,1.00,1,'2019-07-18 16:37:47'),(1068,436,20,2.50,1,'2019-07-18 16:37:47'),(1069,437,28,0.60,8,'2019-07-18 17:07:46'),(1070,438,11,7.50,1,'2019-07-18 17:16:49'),(1071,438,29,1.00,2,'2019-07-18 17:16:49'),(1072,438,46,0.50,1,'2019-07-18 17:16:49'),(1073,438,14,5.00,1,'2019-07-18 17:16:49'),(1074,439,4,2.50,8,'2019-07-18 17:21:55'),(1075,440,28,0.60,2,'2019-07-18 17:47:22'),(1076,440,46,0.50,1,'2019-07-18 17:47:22'),(1077,440,27,0.50,1,'2019-07-18 17:47:22'),(1078,441,63,1.00,3,'2019-07-18 17:48:13'),(1079,442,17,25.00,1,'2019-07-18 17:53:57'),(1080,443,33,1.00,4,'2019-07-18 18:05:15'),(1081,443,44,1.00,3,'2019-07-18 18:05:15'),(1082,443,27,0.50,3,'2019-07-18 18:05:15'),(1083,443,34,1.20,2,'2019-07-18 18:05:15'),(1084,443,6,1.00,1,'2019-07-18 18:05:15'),(1085,444,46,0.50,2,'2019-07-18 18:07:29'),(1086,444,32,2.00,2,'2019-07-18 18:07:29'),(1087,444,16,15.00,1,'2019-07-18 18:07:29'),(1088,445,6,1.00,1,'2019-07-18 18:13:51'),(1089,446,24,10.00,2,'2019-07-18 18:30:45'),(1090,446,52,2.00,1,'2019-07-18 18:30:45'),(1091,446,30,1.25,2,'2019-07-18 18:30:45'),(1092,447,39,3.00,1,'2019-07-18 18:30:57'),(1093,448,20,2.50,1,'2019-07-18 18:32:22'),(1094,448,11,7.50,1,'2019-07-18 18:32:22'),(1095,448,44,1.00,2,'2019-07-18 18:32:22'),(1096,448,35,1.50,2,'2019-07-18 18:32:22'),(1097,448,28,0.60,3,'2019-07-18 18:32:22'),(1098,449,38,2.00,1,'2019-07-18 18:34:03'),(1099,449,28,0.60,2,'2019-07-18 18:34:03'),(1100,449,44,1.00,1,'2019-07-18 18:34:03'),(1101,450,27,0.50,1,'2019-07-18 19:15:37'),(1102,451,1,1.50,1,'2019-07-18 19:34:35'),(1103,451,33,1.00,3,'2019-07-18 19:34:35'),(1104,451,44,1.00,1,'2019-07-18 19:34:35'),(1105,451,7,1.50,1,'2019-07-18 19:34:35'),(1106,452,7,1.50,1,'2019-07-19 15:23:20'),(1107,453,51,1.00,1,'2019-07-19 15:45:22'),(1108,453,31,1.50,1,'2019-07-19 15:45:22'),(1109,453,27,0.50,1,'2019-07-19 15:45:22'),(1110,453,28,0.60,2,'2019-07-19 15:45:22'),(1111,454,27,0.50,4,'2019-07-19 17:18:13'),(1112,454,17,25.00,1,'2019-07-19 17:18:13'),(1113,455,2,2.25,1,'2019-07-19 17:28:39'),(1114,456,27,0.50,3,'2019-07-19 18:26:36'),(1115,456,47,1.00,1,'2019-07-19 18:26:36'),(1116,456,31,1.50,1,'2019-07-19 18:26:36'),(1117,456,46,0.50,1,'2019-07-19 18:26:36'),(1118,457,44,1.00,1,'2019-07-19 18:33:40'),(1119,457,27,0.50,1,'2019-07-19 18:33:40'),(1120,457,35,1.50,1,'2019-07-19 18:33:40'),(1121,458,52,2.00,2,'2019-07-19 19:05:02'),(1122,458,13,4.00,1,'2019-07-19 19:05:02'),(1123,459,3,3.00,2,'2019-07-19 19:08:41'),(1124,460,64,20.00,1,'2019-07-19 19:23:39'),(1125,460,21,5.00,1,'2019-07-19 19:23:39'),(1126,460,16,15.00,1,'2019-07-19 19:23:39'),(1127,460,67,3.00,1,'2019-07-19 19:23:39'),(1128,460,44,1.00,2,'2019-07-19 19:23:39'),(1129,460,30,1.25,4,'2019-07-19 19:23:39'),(1130,460,29,1.00,1,'2019-07-19 19:23:39'),(1131,461,16,15.00,1,'2019-07-19 19:24:06'),(1132,462,31,1.50,1,'2019-07-19 19:28:58'),(1133,462,27,0.50,3,'2019-07-19 19:28:58'),(1134,462,44,1.00,1,'2019-07-19 19:28:58'),(1135,463,34,1.20,3,'2019-07-19 19:36:00'),(1136,463,28,0.60,3,'2019-07-19 19:36:00'),(1137,463,14,5.00,1,'2019-07-19 19:36:00'),(1138,463,46,0.50,4,'2019-07-19 19:36:00'),(1139,463,9,5.50,1,'2019-07-19 19:36:00'),(1140,463,34,1.20,2,'2019-07-19 19:36:00'),(1141,464,37,2.00,1,'2019-07-19 20:13:17'),(1142,464,46,0.50,1,'2019-07-19 20:13:17'),(1143,465,63,1.00,1,'2019-07-19 20:13:37'),(1144,466,28,0.60,2,'2019-07-20 14:32:08'),(1145,466,46,0.50,1,'2019-07-20 14:32:08'),(1146,466,28,0.60,2,'2019-07-20 14:32:08'),(1147,466,31,1.50,1,'2019-07-20 14:32:08'),(1148,467,28,0.60,1,'2019-07-20 14:32:44'),(1149,468,14,5.00,1,'2019-07-20 15:31:10'),(1150,469,17,25.00,1,'2019-07-20 15:37:34'),(1151,469,16,15.00,1,'2019-07-20 15:37:34'),(1152,469,21,5.00,1,'2019-07-20 15:37:34'),(1153,470,43,0.15,100,'2019-07-20 15:40:18'),(1154,471,3,3.00,1,'2019-07-20 15:54:01'),(1155,472,3,3.00,1,'2019-07-20 16:04:02'),(1156,473,30,1.25,2,'2019-07-20 16:16:19'),(1157,473,44,1.00,1,'2019-07-20 16:16:19'),(1158,473,6,1.00,2,'2019-07-20 16:16:19'),(1159,473,39,3.00,2,'2019-07-20 16:16:19'),(1160,474,44,1.00,1,'2019-07-20 16:37:42'),(1161,474,68,3.50,1,'2019-07-20 16:37:42'),(1162,474,80,2.50,1,'2019-07-20 16:37:42'),(1163,474,14,5.00,1,'2019-07-20 16:37:42'),(1164,474,80,2.50,1,'2019-07-20 16:37:42'),(1165,475,80,2.50,1,'2019-07-20 16:38:43'),(1166,475,44,1.00,2,'2019-07-20 16:38:43'),(1167,476,52,2.00,1,'2019-07-20 16:51:34'),(1168,476,7,1.50,1,'2019-07-20 16:51:34'),(1169,477,46,0.50,2,'2019-07-20 16:53:22'),(1170,477,39,3.00,2,'2019-07-20 16:53:22'),(1171,477,28,0.60,4,'2019-07-20 16:53:22'),(1172,477,31,1.50,1,'2019-07-20 16:53:22'),(1173,478,35,1.50,2,'2019-07-20 17:03:33'),(1174,478,27,0.50,2,'2019-07-20 17:03:33'),(1175,478,14,5.00,1,'2019-07-20 17:03:33'),(1176,478,44,1.00,1,'2019-07-20 17:03:33'),(1177,479,1,1.50,4,'2019-07-20 17:18:10'),(1178,480,30,1.25,1,'2019-07-20 17:44:05'),(1179,481,1,1.50,5,'2019-07-20 17:46:32'),(1180,482,38,2.00,2,'2019-07-20 17:47:43'),(1181,482,44,1.00,2,'2019-07-20 17:47:43'),(1182,483,44,1.00,2,'2019-07-20 17:54:04'),(1183,483,15,10.00,1,'2019-07-20 17:54:04'),(1184,483,27,0.50,4,'2019-07-20 17:54:04'),(1185,483,1,1.50,1,'2019-07-20 17:54:04'),(1186,484,14,5.00,1,'2019-07-20 18:10:04'),(1187,484,9,5.50,1,'2019-07-20 18:10:04'),(1188,484,43,0.20,1,'2019-07-20 18:10:04'),(1189,484,28,0.60,1,'2019-07-20 18:10:04'),(1190,485,5,15.00,1,'2019-07-20 18:15:56'),(1191,486,3,3.00,1,'2019-07-20 18:32:24'),(1192,486,1,1.50,1,'2019-07-20 18:32:24'),(1193,487,11,7.50,1,'2019-07-20 18:36:46'),(1194,487,20,2.50,1,'2019-07-20 18:36:46'),(1195,487,16,15.00,1,'2019-07-20 18:36:46'),(1196,487,27,0.50,4,'2019-07-20 18:36:46'),(1197,487,28,0.60,1,'2019-07-20 18:36:46'),(1198,487,46,0.50,1,'2019-07-20 18:36:46'),(1199,488,5,15.00,1,'2019-07-20 18:45:13'),(1200,489,33,0.68,25,'2019-07-20 18:56:07'),(1201,489,7,1.00,36,'2019-07-20 18:56:07'),(1202,489,14,3.00,12,'2019-07-20 18:56:07'),(1203,489,27,0.30,50,'2019-07-20 18:56:07'),(1204,490,14,3.00,12,'2019-07-20 18:58:54'),(1205,490,15,6.00,6,'2019-07-20 18:58:54'),(1206,490,8,1.50,12,'2019-07-20 18:58:54'),(1207,490,7,1.00,36,'2019-07-20 18:58:54'),(1208,491,13,4.00,1,'2019-07-20 19:00:43'),(1209,491,52,2.00,1,'2019-07-20 19:00:43'),(1210,492,3,3.00,1,'2019-07-20 19:01:11'),(1211,493,11,7.50,1,'2019-07-20 19:20:07'),(1212,493,15,10.00,1,'2019-07-20 19:20:07'),(1213,493,21,5.00,1,'2019-07-20 19:20:07'),(1214,493,37,2.00,3,'2019-07-20 19:20:07'),(1215,493,44,1.00,5,'2019-07-20 19:20:07'),(1216,493,29,1.00,3,'2019-07-20 19:20:07'),(1217,493,44,1.00,4,'2019-07-20 19:20:07'),(1218,494,15,10.00,2,'2019-07-20 19:26:13'),(1219,494,30,1.25,8,'2019-07-20 19:26:13'),(1220,494,31,1.50,2,'2019-07-20 19:26:13'),(1221,494,44,1.00,10,'2019-07-20 19:26:13'),(1222,494,48,8.00,1,'2019-07-20 19:26:13'),(1223,495,1,1.50,1,'2019-07-20 19:29:01'),(1224,496,39,3.00,5,'2019-07-20 19:38:41'),(1225,497,43,0.20,4,'2019-07-20 19:43:38'),(1226,497,28,0.60,1,'2019-07-20 19:43:38'),(1227,498,16,15.00,1,'2019-07-20 20:03:08'),(1228,498,68,3.50,2,'2019-07-20 20:03:08'),(1229,498,38,2.00,1,'2019-07-20 20:03:08'),(1230,498,46,0.50,1,'2019-07-20 20:03:08'),(1231,498,3,3.00,1,'2019-07-20 20:03:08'),(1232,499,7,1.50,1,'2019-07-21 14:47:27'),(1233,499,31,1.50,1,'2019-07-21 14:47:27'),(1234,499,44,1.00,1,'2019-07-21 14:47:27'),(1235,499,38,2.00,1,'2019-07-21 14:47:27'),(1236,500,3,3.00,1,'2019-07-21 14:49:06'),(1237,500,1,1.50,1,'2019-07-21 14:49:06'),(1238,501,46,0.50,2,'2019-07-21 14:52:27'),(1239,501,49,1.00,1,'2019-07-21 14:52:27'),(1240,501,75,2.00,1,'2019-07-21 14:52:27'),(1241,502,27,0.50,4,'2019-07-21 15:00:53'),(1242,502,28,0.60,1,'2019-07-21 15:00:53'),(1243,502,34,1.20,2,'2019-07-21 15:00:53'),(1244,503,14,5.00,1,'2019-07-21 15:10:51'),(1245,504,19,2.00,1,'2019-07-21 15:18:39'),(1246,505,11,7.50,1,'2019-07-21 15:29:30'),(1247,505,20,2.50,1,'2019-07-21 15:29:30'),(1248,505,16,15.00,1,'2019-07-21 15:29:30'),(1249,505,39,3.00,1,'2019-07-21 15:29:30'),(1250,505,11,7.50,1,'2019-07-21 15:29:30'),(1251,505,20,2.50,1,'2019-07-21 15:29:30'),(1252,505,30,1.25,2,'2019-07-21 15:29:30'),(1253,505,53,1.00,2,'2019-07-21 15:29:30'),(1254,506,53,1.00,1,'2019-07-21 15:29:48'),(1255,507,33,1.00,1,'2019-07-21 15:36:49'),(1256,507,35,1.50,1,'2019-07-21 15:36:49'),(1257,507,6,1.00,1,'2019-07-21 15:36:49'),(1258,508,39,3.00,1,'2019-07-21 15:38:53'),(1259,508,6,1.00,1,'2019-07-21 15:38:53'),(1260,509,3,3.00,1,'2019-07-21 15:39:29'),(1261,510,44,1.00,3,'2019-07-21 15:39:51'),(1262,511,39,3.00,2,'2019-07-21 15:42:49'),(1263,511,13,4.00,1,'2019-07-21 15:42:49'),(1264,512,52,2.00,2,'2019-07-21 15:48:09'),(1265,512,68,3.50,1,'2019-07-21 15:48:09'),(1266,513,39,3.00,5,'2019-07-21 15:55:20'),(1267,513,8,2.50,1,'2019-07-21 15:55:20'),(1268,513,13,4.00,1,'2019-07-21 15:55:20'),(1269,514,4,2.50,2,'2019-07-21 15:57:00'),(1270,515,35,1.50,2,'2019-07-21 16:00:38'),(1271,516,36,1.50,2,'2019-07-21 16:18:34'),(1272,516,44,1.00,1,'2019-07-21 16:18:34'),(1273,517,38,2.00,1,'2019-07-21 16:19:47'),(1274,518,38,2.00,1,'2019-07-21 16:20:33'),(1275,518,44,1.00,1,'2019-07-21 16:20:33'),(1276,518,7,1.50,1,'2019-07-21 16:20:33'),(1277,519,27,0.50,15,'2019-07-21 16:41:25'),(1278,519,15,10.00,1,'2019-07-21 16:41:25'),(1279,519,46,0.50,1,'2019-07-21 16:41:25'),(1280,519,19,2.00,1,'2019-07-21 16:41:25'),(1281,520,14,5.00,1,'2019-07-21 16:45:26'),(1282,520,38,2.00,1,'2019-07-21 16:45:26'),(1283,520,68,3.50,1,'2019-07-21 16:45:26'),(1284,520,52,2.00,2,'2019-07-21 16:45:26'),(1285,521,35,1.50,2,'2019-07-21 16:48:17'),(1286,521,34,1.20,1,'2019-07-21 16:48:17'),(1287,521,27,0.50,1,'2019-07-21 16:48:17'),(1288,522,15,10.00,1,'2019-07-21 16:53:57'),(1289,522,11,7.50,1,'2019-07-21 16:53:57'),(1290,522,46,0.50,1,'2019-07-21 16:53:57'),(1291,523,46,0.50,3,'2019-07-21 17:02:05'),(1292,524,5,15.00,1,'2019-07-21 17:03:11'),(1293,525,52,2.00,3,'2019-07-21 17:10:05'),(1294,525,53,1.00,1,'2019-07-21 17:10:05'),(1295,525,7,1.50,2,'2019-07-21 17:10:05'),(1296,526,35,1.50,3,'2019-07-21 17:13:53'),(1297,526,34,1.20,3,'2019-07-21 17:13:53'),(1298,526,43,0.20,25,'2019-07-21 17:13:53'),(1299,527,21,5.00,1,'2019-07-21 17:15:26'),(1300,527,17,25.00,1,'2019-07-21 17:15:26'),(1301,527,11,7.50,1,'2019-07-21 17:15:26'),(1302,527,21,5.00,1,'2019-07-21 17:15:26'),(1303,527,11,7.50,1,'2019-07-21 17:15:26'),(1304,527,52,2.00,2,'2019-07-21 17:15:26'),(1305,527,28,0.60,3,'2019-07-21 17:15:26'),(1306,527,44,1.00,1,'2019-07-21 17:15:26'),(1307,527,28,0.60,1,'2019-07-21 17:15:26'),(1308,528,30,1.25,3,'2019-07-21 17:18:29'),(1309,529,5,15.00,1,'2019-07-21 17:19:34'),(1310,530,13,4.00,1,'2019-07-21 17:19:53'),(1311,531,5,15.00,1,'2019-07-21 17:20:20'),(1312,531,1,1.50,1,'2019-07-21 17:20:20'),(1313,532,21,5.00,1,'2019-07-21 17:21:22'),(1314,532,9,5.50,1,'2019-07-21 17:21:22'),(1315,533,72,5.00,1,'2019-07-21 17:25:55'),(1316,533,3,3.00,1,'2019-07-21 17:25:55'),(1317,534,13,4.00,1,'2019-07-21 17:29:11'),(1318,534,52,2.00,1,'2019-07-21 17:29:11'),(1319,535,69,2.50,1,'2019-07-21 17:39:38'),(1320,536,14,5.00,1,'2019-07-21 17:51:11'),(1321,537,80,2.50,1,'2019-07-21 17:59:12'),(1322,537,38,2.00,1,'2019-07-21 17:59:12'),(1323,537,46,0.50,1,'2019-07-21 17:59:12'),(1324,538,4,2.50,3,'2019-07-21 18:18:08'),(1325,539,18,50.00,1,'2019-07-21 18:29:22'),(1326,539,76,35.00,1,'2019-07-21 18:29:22'),(1327,539,50,6.50,1,'2019-07-21 18:29:22'),(1328,539,34,1.20,3,'2019-07-21 18:29:22'),(1329,539,29,1.00,4,'2019-07-21 18:29:22'),(1330,539,43,0.20,20,'2019-07-21 18:29:22'),(1331,540,17,25.00,1,'2019-07-21 18:34:40'),(1332,540,38,2.00,3,'2019-07-21 18:34:40'),(1333,540,36,1.50,3,'2019-07-21 18:34:40'),(1334,540,29,1.00,4,'2019-07-21 18:34:40'),(1335,540,43,0.20,30,'2019-07-21 18:34:40'),(1336,541,43,0.20,27,'2019-07-21 18:41:17'),(1337,541,37,2.00,1,'2019-07-21 18:41:17'),(1338,541,80,2.50,1,'2019-07-21 18:41:17'),(1339,541,67,3.00,1,'2019-07-21 18:41:17'),(1340,542,80,2.50,1,'2019-07-21 18:42:54'),(1341,542,43,0.20,5,'2019-07-21 18:42:54'),(1342,543,33,1.00,3,'2019-07-21 18:43:45'),(1343,543,51,1.00,2,'2019-07-21 18:43:45'),(1344,543,80,2.50,2,'2019-07-21 18:43:45'),(1345,543,43,0.20,20,'2019-07-21 18:43:45'),(1346,543,14,5.00,1,'2019-07-21 18:43:45'),(1347,544,3,3.00,3,'2019-07-21 18:44:06'),(1348,545,31,1.50,1,'2019-07-21 18:45:49'),(1349,545,27,0.50,1,'2019-07-21 18:45:49'),(1350,545,49,1.00,1,'2019-07-21 18:45:49'),(1351,546,29,1.00,4,'2019-07-21 18:47:09'),(1352,546,46,0.50,3,'2019-07-21 18:47:09'),(1353,546,11,7.50,1,'2019-07-21 18:47:09'),(1354,546,20,2.50,1,'2019-07-21 18:47:09'),(1355,547,30,1.25,1,'2019-07-21 18:48:55'),(1356,548,38,2.00,1,'2019-07-21 19:07:56'),(1357,549,38,2.00,1,'2019-07-21 19:10:19'),(1358,549,43,0.20,10,'2019-07-21 19:10:19'),(1359,549,15,10.00,1,'2019-07-21 19:10:19'),(1360,550,39,3.00,1,'2019-07-21 19:34:15'),(1361,550,52,2.00,1,'2019-07-21 19:34:15'),(1362,550,38,2.00,2,'2019-07-21 19:34:15'),(1363,550,51,1.00,2,'2019-07-21 19:34:15'),(1364,550,14,5.00,1,'2019-07-21 19:34:15'),(1365,550,15,10.00,1,'2019-07-21 19:34:15'),(1366,550,46,0.50,2,'2019-07-21 19:34:15'),(1367,551,70,1.80,3,'2019-07-21 19:35:14'),(1368,552,21,5.00,1,'2019-07-22 15:42:14'),(1369,552,15,10.00,1,'2019-07-22 15:42:14'),(1370,552,44,1.00,3,'2019-07-22 15:42:14'),(1371,552,11,7.50,1,'2019-07-22 15:42:14'),(1372,552,80,2.50,1,'2019-07-22 15:42:14'),(1373,552,28,0.60,4,'2019-07-22 15:42:14'),(1374,553,9,5.50,1,'2019-07-22 15:42:26'),(1375,554,30,1.25,1,'2019-07-22 15:58:24'),(1376,554,36,1.50,1,'2019-07-22 15:58:24'),(1377,554,35,1.50,1,'2019-07-22 15:58:24'),(1378,554,30,1.25,1,'2019-07-22 15:58:24'),(1379,554,44,1.00,2,'2019-07-22 15:58:24'),(1380,554,6,1.00,1,'2019-07-22 15:58:24'),(1381,554,56,3.50,1,'2019-07-22 15:58:24'),(1382,555,14,5.00,1,'2019-07-22 16:05:03'),(1383,555,15,10.00,2,'2019-07-22 16:05:03'),(1384,555,36,1.50,4,'2019-07-22 16:05:03'),(1385,555,7,1.50,1,'2019-07-22 16:05:03'),(1386,555,14,5.00,1,'2019-07-22 16:05:03'),(1387,555,43,0.20,25,'2019-07-22 16:05:03'),(1388,555,24,10.00,1,'2019-07-22 16:05:03'),(1389,556,27,0.50,2,'2019-07-22 16:06:01'),(1390,557,3,3.00,2,'2019-07-22 16:24:23'),(1391,557,28,0.60,1,'2019-07-22 16:24:23'),(1392,557,46,0.50,1,'2019-07-22 16:24:23'),(1393,557,14,5.00,1,'2019-07-22 16:24:23'),(1394,558,3,3.00,1,'2019-07-22 16:27:25'),(1395,559,76,35.00,1,'2019-07-22 16:37:00'),(1396,559,1,1.50,2,'2019-07-22 16:37:00'),(1397,560,11,7.50,1,'2019-07-22 16:39:54'),(1398,560,33,1.00,1,'2019-07-22 16:39:54'),(1399,560,43,0.20,3,'2019-07-22 16:39:54'),(1400,561,68,3.50,1,'2019-07-22 16:42:06'),(1401,562,4,2.50,1,'2019-07-22 16:50:57'),(1402,563,3,3.00,2,'2019-07-22 16:52:00'),(1403,564,5,15.00,1,'2019-07-22 16:54:47'),(1404,564,63,1.00,2,'2019-07-22 16:54:47'),(1405,565,1,1.50,3,'2019-07-22 16:54:53'),(1406,566,68,3.50,1,'2019-07-22 17:21:54'),(1407,567,1,1.50,2,'2019-07-22 17:28:50'),(1408,567,4,2.50,1,'2019-07-22 17:28:50'),(1409,568,30,1.25,5,'2019-07-22 17:31:30'),(1410,569,14,5.00,1,'2019-07-22 17:40:39'),(1411,570,1,1.50,1,'2019-07-22 17:43:31'),(1412,571,13,4.00,1,'2019-07-22 17:45:52'),(1413,571,63,1.00,2,'2019-07-22 17:45:52'),(1414,572,14,5.00,1,'2019-07-22 17:52:28'),(1415,573,5,15.00,1,'2019-07-22 17:58:27'),(1416,574,73,15.00,1,'2019-07-22 18:02:04'),(1417,575,12,12.00,1,'2019-07-22 18:24:15'),(1418,576,30,1.25,4,'2019-07-22 18:27:32'),(1419,576,8,2.50,2,'2019-07-22 18:27:32'),(1420,577,27,0.50,1,'2019-07-22 18:29:08'),(1421,578,3,3.00,1,'2019-07-22 18:31:34'),(1422,579,8,2.50,1,'2019-07-22 18:39:17'),(1423,580,43,0.20,25,'2019-07-22 19:25:44'),(1424,580,12,12.00,1,'2019-07-22 19:25:44'),(1425,580,3,3.00,2,'2019-07-22 19:25:44'),(1426,580,67,3.00,1,'2019-07-22 19:25:44'),(1427,580,36,1.50,1,'2019-07-22 19:25:44'),(1428,581,7,1.50,1,'2019-07-22 19:26:36'),(1429,582,4,1.15,370,'2019-07-22 19:29:11'),(1430,582,5,11.00,10,'2019-07-22 19:29:11'),(1431,583,8,2.50,1,'2019-07-22 19:52:44'),(1432,584,30,1.25,1,'2019-07-22 19:53:32'),(1433,585,43,0.20,6,'2019-07-22 19:55:06'),(1434,586,3,3.00,2,'2019-07-22 19:58:51'),(1435,587,3,1.60,100,'2019-07-22 20:18:23'),(1436,588,26,50.00,1,'2019-07-23 15:42:46'),(1437,588,16,15.00,1,'2019-07-23 15:42:46'),(1438,588,67,3.00,2,'2019-07-23 15:42:46'),(1439,588,46,0.50,4,'2019-07-23 15:42:46'),(1440,588,53,1.00,1,'2019-07-23 15:42:46'),(1441,589,14,5.00,1,'2019-07-23 15:43:05'),(1442,590,27,0.40,25,'2019-07-23 15:44:19'),(1443,591,8,2.50,2,'2019-07-23 16:30:11'),(1444,592,43,0.20,5,'2019-07-23 16:32:42'),(1445,593,3,3.00,2,'2019-07-23 16:58:13'),(1446,594,14,5.00,1,'2019-07-23 17:03:16'),(1447,594,1,1.50,3,'2019-07-23 17:03:16'),(1448,594,27,0.50,1,'2019-07-23 17:03:16'),(1449,595,27,0.50,4,'2019-07-23 17:21:07'),(1450,595,43,0.20,4,'2019-07-23 17:21:07'),(1451,596,7,1.50,2,'2019-07-23 17:42:38'),(1452,596,7,1.50,1,'2019-07-23 17:42:38'),(1453,596,27,0.50,4,'2019-07-23 17:42:38'),(1454,596,43,0.20,3,'2019-07-23 17:42:38'),(1455,597,29,1.00,1,'2019-07-23 17:49:52'),(1456,598,27,0.50,4,'2019-07-23 17:50:27'),(1457,599,9,5.50,1,'2019-07-23 17:50:47'),(1458,599,27,0.50,1,'2019-07-23 17:50:47'),(1459,600,1,1.50,1,'2019-07-23 18:13:33'),(1460,601,1,1.50,1,'2019-07-23 18:13:58'),(1461,602,6,1.00,2,'2019-07-23 18:15:18'),(1462,602,27,0.50,6,'2019-07-23 18:15:18'),(1463,603,32,2.00,1,'2019-07-23 18:17:17'),(1464,603,39,3.00,1,'2019-07-23 18:17:17'),(1465,603,51,1.00,1,'2019-07-23 18:17:17'),(1466,604,6,1.00,1,'2019-07-23 18:18:30'),(1467,604,6,1.00,1,'2019-07-23 18:18:30'),(1468,604,27,0.50,4,'2019-07-23 18:18:30'),(1469,604,27,0.50,2,'2019-07-23 18:18:30'),(1470,605,63,1.00,1,'2019-07-23 18:19:18'),(1471,606,30,1.25,2,'2019-07-23 18:27:11'),(1472,606,39,3.00,1,'2019-07-23 18:27:11'),(1473,606,39,3.00,1,'2019-07-23 18:27:11'),(1474,606,30,1.25,1,'2019-07-23 18:27:11'),(1475,606,39,3.00,1,'2019-07-23 18:27:11'),(1476,607,13,4.00,1,'2019-07-23 18:32:06'),(1477,607,28,0.60,4,'2019-07-23 18:32:06'),(1478,607,34,1.20,2,'2019-07-23 18:32:06'),(1479,607,43,0.20,6,'2019-07-23 18:32:06'),(1480,608,5,15.00,1,'2019-07-23 18:36:40'),(1481,609,34,1.20,2,'2019-07-23 18:55:17'),(1482,609,28,0.60,2,'2019-07-23 18:55:17'),(1483,609,43,0.20,7,'2019-07-23 18:55:17'),(1484,610,41,10.00,1,'2019-07-23 19:11:15'),(1485,610,13,4.00,2,'2019-07-23 19:11:15'),(1486,610,80,2.50,1,'2019-07-23 19:11:15'),(1487,610,28,0.60,1,'2019-07-23 19:11:15'),(1488,610,43,0.20,7,'2019-07-23 19:11:15'),(1489,611,3,3.00,5,'2019-07-23 19:15:50'),(1490,612,3,3.00,1,'2019-07-23 19:36:42'),(1491,613,28,0.60,1,'2019-07-23 19:55:44'),(1492,614,72,5.00,1,'2019-07-23 20:01:46'),(1493,615,13,4.00,1,'2019-07-23 20:08:46'),(1494,616,3,3.00,1,'2019-07-23 20:27:43'),(1495,617,3,1.60,100,'2019-07-24 15:37:05'),(1496,618,1,1.50,3,'2019-07-24 16:06:00'),(1497,619,82,15.00,1,'2019-07-24 16:29:15'),(1498,619,9,5.50,1,'2019-07-24 16:29:15'),(1499,620,14,5.00,1,'2019-07-24 16:49:57'),(1500,620,6,1.00,1,'2019-07-24 16:49:57'),(1501,620,20,2.50,1,'2019-07-24 16:49:57'),(1502,621,51,1.00,3,'2019-07-24 17:07:11'),(1503,622,3,3.00,1,'2019-07-24 17:58:03'),(1504,623,5,15.00,1,'2019-07-24 17:58:16'),(1505,623,1,1.50,1,'2019-07-24 17:58:16'),(1506,624,35,1.50,2,'2019-07-24 18:11:34'),(1507,624,43,0.20,5,'2019-07-24 18:11:34'),(1508,625,14,5.00,1,'2019-07-24 18:47:11'),(1509,625,13,4.00,1,'2019-07-24 18:47:11'),(1510,625,43,0.20,25,'2019-07-24 18:47:11'),(1511,625,31,1.50,1,'2019-07-24 18:47:11'),(1512,625,29,1.00,1,'2019-07-24 18:47:11'),(1513,625,29,1.00,1,'2019-07-24 18:47:11'),(1514,625,31,1.50,1,'2019-07-24 18:47:11'),(1515,626,16,15.00,1,'2019-07-24 18:57:17'),(1516,626,39,3.00,1,'2019-07-24 18:57:17'),(1517,626,39,3.00,1,'2019-07-24 18:57:17'),(1518,627,3,3.00,1,'2019-07-24 19:17:10'),(1519,628,3,3.00,4,'2019-07-24 19:18:17'),(1520,628,53,1.00,2,'2019-07-24 19:18:17'),(1521,629,35,1.50,1,'2019-07-24 19:32:27'),(1522,629,43,0.20,3,'2019-07-24 19:32:27'),(1523,629,19,2.00,1,'2019-07-24 19:32:27'),(1524,629,9,5.50,1,'2019-07-24 19:32:27'),(1525,630,35,1.50,1,'2019-07-24 20:05:55'),(1526,630,20,2.50,1,'2019-07-24 20:05:55'),(1527,630,6,1.00,1,'2019-07-24 20:05:55'),(1528,630,43,0.20,3,'2019-07-24 20:05:55'),(1529,630,83,0.10,4,'2019-07-24 20:05:55'),(1530,631,51,1.00,1,'2019-07-24 20:15:04'),(1531,631,31,1.50,1,'2019-07-24 20:15:04'),(1532,631,27,0.50,5,'2019-07-24 20:15:04'),(1533,631,36,1.50,2,'2019-07-24 20:15:04'),(1534,631,47,1.00,1,'2019-07-24 20:15:04'),(1535,632,3,3.00,1,'2019-07-25 15:59:20'),(1536,633,67,3.00,10,'2019-07-25 16:14:10'),(1537,633,71,1.80,1,'2019-07-25 16:14:10'),(1538,633,18,50.00,1,'2019-07-25 16:14:10'),(1539,633,17,25.00,1,'2019-07-25 16:14:10'),(1540,633,16,15.00,1,'2019-07-25 16:14:10'),(1541,633,43,0.15,200,'2019-07-25 16:14:10'),(1542,633,50,6.50,1,'2019-07-25 16:14:10'),(1543,633,74,2.50,1,'2019-07-25 16:14:10'),(1544,633,21,5.00,2,'2019-07-25 16:14:10'),(1545,633,11,7.50,2,'2019-07-25 16:14:10'),(1546,634,1,1.50,1,'2019-07-25 16:14:20'),(1547,635,3,3.00,1,'2019-07-25 16:14:45'),(1548,636,14,5.00,1,'2019-07-25 17:50:34'),(1549,636,12,12.00,1,'2019-07-25 17:50:34'),(1550,636,30,1.25,4,'2019-07-25 17:50:34'),(1551,636,24,10.00,1,'2019-07-25 17:50:34'),(1552,637,43,0.20,10,'2019-07-25 18:11:47'),(1553,637,43,0.20,5,'2019-07-25 18:11:47'),(1554,637,35,1.50,4,'2019-07-25 18:11:47'),(1555,638,83,0.10,5,'2019-07-25 18:13:50'),(1556,639,82,15.00,1,'2019-07-25 18:14:53'),(1557,639,14,5.00,1,'2019-07-25 18:14:53'),(1558,640,28,0.60,4,'2019-07-25 18:46:10'),(1559,640,28,0.60,2,'2019-07-25 18:46:10'),(1560,641,39,3.00,1,'2019-07-25 19:14:57'),(1561,642,27,0.50,4,'2019-07-25 19:15:17'),(1562,642,33,1.00,1,'2019-07-25 19:15:17'),(1563,643,3,3.00,1,'2019-07-26 16:46:32'),(1564,644,27,0.50,8,'2019-07-26 17:08:34'),(1565,644,14,5.00,1,'2019-07-26 17:08:34'),(1566,644,43,0.20,5,'2019-07-26 17:08:34'),(1567,645,31,1.50,1,'2019-07-26 17:08:56'),(1568,646,83,0.10,3,'2019-07-26 17:27:59'),(1569,647,1,1.50,2,'2019-07-26 17:37:50'),(1570,648,31,1.50,1,'2019-07-26 17:44:03'),(1571,648,52,2.00,1,'2019-07-26 17:44:03'),(1572,649,14,5.00,1,'2019-07-26 18:01:10'),(1573,649,52,2.00,1,'2019-07-26 18:01:10'),(1574,649,27,0.50,1,'2019-07-26 18:01:10'),(1575,650,34,1.20,1,'2019-07-26 18:21:16'),(1576,650,43,0.20,4,'2019-07-26 18:21:16'),(1577,650,1,1.50,1,'2019-07-26 18:21:16'),(1578,650,34,1.20,1,'2019-07-26 18:21:16'),(1579,651,3,3.00,1,'2019-07-26 18:38:06'),(1580,651,4,2.50,1,'2019-07-26 18:38:06'),(1581,652,1,1.50,4,'2019-07-26 18:39:20'),(1582,652,4,2.50,2,'2019-07-26 18:39:20'),(1583,652,4,2.50,1,'2019-07-26 18:39:20'),(1584,652,3,3.00,1,'2019-07-26 18:39:20'),(1585,653,5,15.00,1,'2019-07-26 18:56:58'),(1586,654,1,1.50,13,'2019-07-26 19:30:33'),(1587,655,77,50.00,1,'2019-07-27 15:00:03'),(1588,655,12,12.00,1,'2019-07-27 15:00:03'),(1589,655,47,1.00,1,'2019-07-27 15:00:03'),(1590,655,14,5.00,1,'2019-07-27 15:00:03'),(1591,655,43,0.20,30,'2019-07-27 15:00:03'),(1592,655,51,1.00,1,'2019-07-27 15:00:03'),(1593,655,31,1.50,1,'2019-07-27 15:00:03'),(1594,656,43,0.20,10,'2019-07-27 15:37:43'),(1595,657,1,1.50,2,'2019-07-27 15:43:56'),(1596,658,52,2.00,1,'2019-07-27 16:02:17'),(1597,658,43,0.20,3,'2019-07-27 16:02:17'),(1598,658,33,1.00,1,'2019-07-27 16:02:17'),(1599,658,13,4.00,1,'2019-07-27 16:02:17'),(1600,659,3,3.00,2,'2019-07-27 16:09:21'),(1601,660,4,2.50,2,'2019-07-27 16:22:42'),(1602,661,52,2.00,3,'2019-07-27 16:57:28'),(1603,661,43,0.20,3,'2019-07-27 16:57:28'),(1604,661,13,4.00,3,'2019-07-27 16:57:28'),(1605,662,33,1.00,1,'2019-07-27 17:17:28'),(1606,663,43,0.20,26,'2019-07-27 18:14:43'),(1607,663,67,3.00,2,'2019-07-27 18:14:43'),(1608,663,83,0.10,8,'2019-07-27 18:14:43'),(1609,664,3,3.00,2,'2019-07-27 18:15:45'),(1610,665,70,1.80,2,'2019-07-27 18:33:22'),(1611,665,43,0.20,8,'2019-07-27 18:33:22'),(1612,665,30,1.25,1,'2019-07-27 18:33:22'),(1613,666,1,1.50,2,'2019-07-27 18:33:38'),(1614,667,1,1.50,6,'2019-07-27 18:40:06'),(1615,668,52,2.00,1,'2019-07-27 19:00:59'),(1616,668,51,1.00,1,'2019-07-27 19:00:59'),(1617,669,14,5.00,2,'2019-07-27 19:10:40'),(1618,669,43,0.20,10,'2019-07-27 19:10:40'),(1619,670,42,15.00,1,'2019-07-27 19:19:26'),(1620,670,53,1.00,2,'2019-07-27 19:19:26'),(1621,670,30,1.25,1,'2019-07-27 19:19:26'),(1622,670,31,1.50,1,'2019-07-27 19:19:26'),(1623,670,13,4.00,1,'2019-07-27 19:19:26'),(1624,671,14,5.00,1,'2019-07-27 19:29:52'),(1625,671,43,0.20,15,'2019-07-27 19:29:52'),(1626,672,1,1.50,1,'2019-07-27 19:39:50'),(1627,673,3,3.00,2,'2019-07-27 19:54:24'),(1628,674,3,3.00,1,'2019-07-27 19:55:59'),(1629,674,52,2.00,1,'2019-07-27 19:55:59'),(1630,675,14,5.00,2,'2019-07-27 19:59:56'),(1631,675,31,1.50,2,'2019-07-27 19:59:56'),(1632,675,35,1.50,6,'2019-07-27 19:59:56'),(1633,676,27,0.30,100,'2019-07-28 13:14:46'),(1634,677,31,1.50,1,'2019-07-28 13:42:13'),(1635,677,6,1.00,1,'2019-07-28 13:42:13'),(1636,677,24,10.00,1,'2019-07-28 13:42:13'),(1637,677,27,0.50,1,'2019-07-28 13:42:13'),(1638,678,24,8.00,1,'2019-07-28 13:49:47'),(1639,678,30,1.25,1,'2019-07-28 13:49:47'),(1640,679,31,1.00,20,'2019-07-28 13:58:59'),(1641,679,27,0.30,50,'2019-07-28 13:58:59'),(1642,680,27,0.30,40,'2019-07-28 14:34:49'),(1643,681,27,0.40,25,'2019-07-28 14:52:27'),(1644,681,15,10.00,1,'2019-07-28 14:52:27'),(1645,682,27,0.50,1,'2019-07-28 15:04:21'),(1646,682,6,1.00,1,'2019-07-28 15:04:21'),(1647,682,43,0.20,3,'2019-07-28 15:04:21'),(1648,683,46,0.50,1,'2019-07-28 15:20:10'),(1649,684,53,1.00,2,'2019-07-28 15:29:17'),(1650,684,57,3.00,1,'2019-07-28 15:29:17'),(1651,684,56,3.50,1,'2019-07-28 15:29:17'),(1652,685,24,8.00,1,'2019-07-28 15:30:37'),(1653,686,3,3.00,1,'2019-07-28 15:38:08'),(1654,686,34,1.20,1,'2019-07-28 15:38:08'),(1655,686,43,0.20,3,'2019-07-28 15:38:08'),(1656,686,83,0.10,2,'2019-07-28 15:38:08'),(1657,687,5,15.00,1,'2019-07-28 15:59:58'),(1658,688,75,2.00,1,'2019-07-28 16:06:42'),(1659,688,13,4.00,1,'2019-07-28 16:06:42'),(1660,688,49,1.00,1,'2019-07-28 16:06:42'),(1661,689,5,15.00,1,'2019-07-28 16:12:33'),(1662,690,52,2.00,2,'2019-07-28 16:45:01'),(1663,690,6,1.00,1,'2019-07-28 16:45:01'),(1664,691,5,15.00,1,'2019-07-28 16:46:03'),(1665,691,7,1.50,1,'2019-07-28 16:46:03'),(1666,692,3,3.00,2,'2019-07-28 16:46:44'),(1667,693,33,1.00,25,'2019-07-28 16:49:54'),(1668,693,43,0.15,100,'2019-07-28 16:49:54'),(1669,693,13,4.00,2,'2019-07-28 16:49:54'),(1670,693,14,5.00,2,'2019-07-28 16:49:54'),(1671,693,7,1.50,1,'2019-07-28 16:49:54'),(1672,694,22,4.00,1,'2019-07-28 16:56:30'),(1673,694,49,1.00,2,'2019-07-28 16:56:30'),(1674,694,49,1.00,1,'2019-07-28 16:56:30'),(1675,694,11,7.50,1,'2019-07-28 16:56:30'),(1676,694,35,1.50,2,'2019-07-28 16:56:30'),(1677,694,43,0.20,10,'2019-07-28 16:56:30'),(1678,695,5,15.00,1,'2019-07-28 16:58:04'),(1679,696,5,15.00,1,'2019-07-28 16:59:40'),(1680,696,1,1.50,2,'2019-07-28 16:59:40'),(1681,697,1,1.50,1,'2019-07-28 17:00:27'),(1682,697,3,3.00,2,'2019-07-28 17:00:27'),(1683,698,11,7.50,1,'2019-07-28 17:06:41'),(1684,698,19,2.00,1,'2019-07-28 17:06:41'),(1685,698,14,5.00,1,'2019-07-28 17:06:41'),(1686,698,53,1.00,4,'2019-07-28 17:06:41'),(1687,698,46,0.50,1,'2019-07-28 17:06:41'),(1688,699,1,1.50,2,'2019-07-28 17:10:21'),(1689,700,7,1.50,1,'2019-07-28 17:17:14'),(1690,700,30,1.25,1,'2019-07-28 17:17:14'),(1691,700,32,2.00,2,'2019-07-28 17:17:14'),(1692,701,53,1.00,2,'2019-07-28 17:19:03'),(1693,702,63,1.25,1,'2019-07-28 17:19:55'),(1694,703,3,3.00,1,'2019-07-28 17:21:17'),(1695,704,1,1.50,2,'2019-07-28 17:35:03'),(1696,705,3,3.00,1,'2019-07-28 17:43:17'),(1697,706,1,1.50,8,'2019-07-28 17:54:46'),(1698,707,1,1.50,1,'2019-07-28 17:55:12'),(1699,708,68,3.50,1,'2019-07-28 18:00:33'),(1700,708,68,3.50,1,'2019-07-28 18:00:33'),(1701,708,17,25.00,1,'2019-07-28 18:00:33'),(1702,709,16,15.00,1,'2019-07-28 18:02:51'),(1703,710,14,5.00,1,'2019-07-28 18:08:55'),(1704,710,28,0.60,3,'2019-07-28 18:08:55'),(1705,710,68,3.50,1,'2019-07-28 18:08:55'),(1706,710,46,0.50,1,'2019-07-28 18:08:55'),(1707,710,34,1.20,1,'2019-07-28 18:08:55'),(1708,711,3,3.00,1,'2019-07-28 18:14:49'),(1709,711,4,2.50,3,'2019-07-28 18:14:49'),(1710,712,51,1.00,1,'2019-07-28 18:25:47'),(1711,712,39,3.00,2,'2019-07-28 18:25:47'),(1712,713,31,1.50,5,'2019-07-28 18:38:58'),(1713,713,68,3.50,6,'2019-07-28 18:38:58'),(1714,713,39,3.00,6,'2019-07-28 18:38:58'),(1715,713,17,25.00,1,'2019-07-28 18:38:58'),(1716,714,51,1.00,1,'2019-07-28 18:39:31'),(1717,714,6,1.00,1,'2019-07-28 18:39:31'),(1718,715,15,10.00,1,'2019-07-28 18:46:39'),(1719,715,28,0.60,3,'2019-07-28 18:46:39'),(1720,715,28,0.60,1,'2019-07-28 18:46:39'),(1721,715,43,0.20,8,'2019-07-28 18:46:39'),(1722,716,37,2.00,1,'2019-07-28 18:48:17'),(1723,716,43,0.20,4,'2019-07-28 18:48:17'),(1724,717,30,1.25,4,'2019-07-28 18:52:41'),(1725,717,34,1.20,1,'2019-07-28 18:52:41'),(1726,717,7,1.50,1,'2019-07-28 18:52:41'),(1727,717,1,1.50,6,'2019-07-28 18:52:41'),(1728,718,40,7.00,1,'2019-07-28 18:56:54'),(1729,719,3,3.00,4,'2019-07-28 19:00:02'),(1730,719,4,2.50,1,'2019-07-28 19:00:02'),(1731,719,53,1.00,2,'2019-07-28 19:00:02'),(1732,720,27,0.50,1,'2019-07-28 19:00:43'),(1733,720,43,0.20,2,'2019-07-28 19:00:43'),(1734,721,27,0.50,8,'2019-07-28 19:02:37'),(1735,721,33,1.00,5,'2019-07-28 19:02:37'),(1736,722,35,1.50,2,'2019-07-29 16:32:10'),(1737,722,52,2.00,2,'2019-07-29 16:32:10'),(1738,723,1,1.50,2,'2019-07-29 16:41:23'),(1739,724,5,15.00,1,'2019-07-29 16:42:12'),(1740,725,4,2.50,2,'2019-07-29 16:44:12'),(1741,726,4,2.50,1,'2019-07-29 16:52:49'),(1742,727,15,10.00,2,'2019-07-29 16:55:38'),(1743,727,39,3.00,1,'2019-07-29 16:55:38'),(1744,727,52,2.00,1,'2019-07-29 16:55:38'),(1745,728,15,10.00,1,'2019-07-29 17:21:06'),(1746,728,1,1.50,1,'2019-07-29 17:21:06'),(1747,729,3,3.00,1,'2019-07-29 17:42:39'),(1748,730,52,2.00,2,'2019-07-29 18:08:56'),(1749,730,31,1.50,2,'2019-07-29 18:08:56'),(1750,730,13,4.00,1,'2019-07-29 18:08:56'),(1751,731,3,3.00,2,'2019-07-29 18:29:23'),(1752,732,3,3.00,3,'2019-07-29 18:29:35'),(1753,733,27,0.50,2,'2019-07-29 19:02:17'),(1754,733,30,1.25,1,'2019-07-29 19:02:17'),(1755,733,13,4.00,1,'2019-07-29 19:02:17'),(1756,733,14,5.00,1,'2019-07-29 19:02:17'),(1757,733,52,2.00,1,'2019-07-29 19:02:17'),(1758,733,27,0.50,1,'2019-07-29 19:02:17'),(1759,733,43,0.20,6,'2019-07-29 19:02:17'),(1760,734,27,0.50,3,'2019-07-29 19:03:08'),(1761,734,34,1.20,2,'2019-07-29 19:03:08'),(1762,735,73,15.00,1,'2019-07-29 19:11:54'),(1763,736,4,2.50,2,'2019-07-30 16:28:17'),(1764,736,63,1.25,2,'2019-07-30 16:28:17'),(1765,736,73,15.00,1,'2019-07-30 16:28:17'),(1766,737,6,0.58,120,'2019-07-30 16:36:30'),(1767,738,16,15.00,1,'2019-07-30 16:42:51'),(1768,738,68,3.50,2,'2019-07-30 16:42:51'),(1769,738,9,5.50,1,'2019-07-30 16:42:51'),(1770,739,70,1.80,2,'2019-07-30 16:44:52'),(1771,739,43,0.20,7,'2019-07-30 16:44:52'),(1772,739,1,1.50,2,'2019-07-30 16:44:52'),(1773,740,35,1.50,16,'2019-07-30 17:08:48'),(1774,740,37,2.00,4,'2019-07-30 17:08:48'),(1775,741,27,0.50,2,'2019-07-30 17:24:12'),(1776,741,28,0.60,1,'2019-07-30 17:24:12'),(1777,741,43,0.20,2,'2019-07-30 17:24:12'),(1778,741,83,0.10,6,'2019-07-30 17:24:12'),(1779,742,3,1.60,135,'2019-07-30 17:39:39'),(1780,742,5,11.00,2,'2019-07-30 17:39:39'),(1781,743,27,0.50,3,'2019-07-30 17:44:02'),(1782,744,1,1.50,2,'2019-07-30 18:04:31'),(1783,745,1,1.50,7,'2019-07-30 18:08:03'),(1784,746,52,2.00,1,'2019-07-30 18:14:09'),(1785,746,6,1.00,1,'2019-07-30 18:14:09'),(1786,747,4,2.50,1,'2019-07-30 18:28:15'),(1787,748,1,1.50,2,'2019-07-30 18:46:17'),(1788,749,3,3.00,1,'2019-07-30 19:28:09'),(1789,750,1,1.50,2,'2019-07-31 15:59:32'),(1790,750,37,2.00,1,'2019-07-31 15:59:32'),(1791,750,12,12.00,1,'2019-07-31 15:59:32'),(1792,750,43,0.20,10,'2019-07-31 15:59:32'),(1793,751,81,11.00,1,'2019-07-31 16:01:13'),(1794,752,46,0.50,1,'2019-07-31 16:49:14'),(1795,752,1,1.50,1,'2019-07-31 16:49:14'),(1796,752,34,1.20,1,'2019-07-31 16:49:14'),(1797,753,4,2.50,1,'2019-07-31 17:13:29'),(1798,753,3,3.00,1,'2019-07-31 17:13:29'),(1799,754,3,3.00,1,'2019-07-31 17:31:46'),(1800,755,3,3.00,1,'2019-07-31 17:32:00'),(1801,756,1,1.50,1,'2019-07-31 17:39:08'),(1802,757,1,1.50,2,'2019-07-31 17:58:16'),(1803,758,72,5.00,1,'2019-07-31 18:52:33'),(1804,759,5,15.00,1,'2019-07-31 19:04:23'),(1805,760,4,2.50,2,'2019-08-01 16:20:15'),(1806,761,33,1.00,6,'2019-08-01 16:38:22'),(1807,761,35,1.50,1,'2019-08-01 16:38:22'),(1808,761,46,0.50,2,'2019-08-01 16:38:22'),(1809,761,46,0.50,1,'2019-08-01 16:38:22'),(1810,761,33,1.00,3,'2019-08-01 16:38:22'),(1811,762,1,1.50,1,'2019-08-01 16:39:21'),(1812,762,29,1.00,1,'2019-08-01 16:39:21'),(1813,762,46,0.50,1,'2019-08-01 16:39:21'),(1814,763,1,1.50,2,'2019-08-01 17:37:25'),(1815,764,3,3.00,3,'2019-08-01 17:51:45'),(1816,764,4,2.50,1,'2019-08-01 17:51:45'),(1817,764,63,1.25,3,'2019-08-01 17:51:45'),(1818,765,3,3.00,1,'2019-08-01 17:56:02'),(1819,766,14,5.00,1,'2019-08-01 17:58:13'),(1820,766,43,0.20,5,'2019-08-01 17:58:13'),(1821,766,47,1.00,1,'2019-08-01 17:58:13'),(1822,767,3,3.00,1,'2019-08-01 17:58:25'),(1823,768,3,3.00,2,'2019-08-01 18:00:29'),(1824,769,3,3.00,1,'2019-08-01 18:26:28'),(1825,770,1,1.50,1,'2019-08-01 18:26:46'),(1826,771,1,1.50,1,'2019-08-01 18:56:44'),(1827,771,3,3.00,1,'2019-08-01 18:56:44'),(1828,772,27,0.50,7,'2019-08-01 18:57:10'),(1829,772,31,1.50,1,'2019-08-01 18:57:10'),(1830,773,1,1.50,1,'2019-08-01 18:58:02'),(1831,774,1,1.50,1,'2019-08-01 19:33:37'),(1832,775,2,2.25,3,'2019-08-01 19:42:22'),(1833,775,4,2.50,2,'2019-08-01 19:42:22'),(1834,775,2,2.25,1,'2019-08-01 19:42:22'),(1835,776,5,11.00,10,'2019-08-02 14:40:32'),(1836,776,2,1.50,80,'2019-08-02 14:40:32'),(1837,776,3,1.60,130,'2019-08-02 14:40:32'),(1838,776,1,1.00,100,'2019-08-02 14:40:32'),(1839,777,2,1.50,65,'2019-08-02 14:41:27'),(1840,777,1,1.00,140,'2019-08-02 14:41:27'),(1841,778,1,1.00,100,'2019-08-02 14:42:02'),(1842,778,2,1.50,40,'2019-08-02 14:42:02'),(1843,779,7,1.50,1,'2019-08-02 15:57:38'),(1844,779,34,1.20,1,'2019-08-02 15:57:38'),(1845,779,51,1.00,1,'2019-08-02 15:57:38'),(1846,779,43,0.20,3,'2019-08-02 15:57:38'),(1847,780,2,2.25,1,'2019-08-02 17:47:23'),(1848,781,52,2.00,2,'2019-08-02 18:43:13'),(1849,782,3,3.00,1,'2019-08-06 16:39:02'),(1850,783,2,2.25,1,'2019-08-06 17:18:29'),(1851,784,1,1.50,1,'2019-08-06 17:53:09'),(1852,785,5,15.00,1,'2019-08-06 17:53:39'),(1853,786,1,1.50,1,'2019-08-06 17:55:23'),(1854,787,3,3.00,1,'2019-08-06 18:23:21'),(1855,788,3,3.00,2,'2019-08-06 18:47:49'),(1856,789,2,2.25,2,'2019-08-06 18:48:16'),(1857,789,1,1.50,4,'2019-08-06 18:48:16'),(1858,790,1,1.50,2,'2019-08-06 18:48:30'),(1859,791,1,1.50,3,'2019-08-07 14:56:37'),(1860,792,1,1.50,1,'2019-08-07 16:50:45'),(1861,793,5,15.00,1,'2019-08-07 17:03:04'),(1862,794,4,2.50,1,'2019-08-07 17:04:02'),(1863,795,3,3.00,1,'2019-08-07 17:36:06'),(1864,796,1,1.50,2,'2019-08-07 17:47:40'),(1865,797,43,0.20,4,'2019-08-07 18:08:00'),(1866,797,28,0.60,2,'2019-08-07 18:08:00'),(1867,798,4,1.15,140,'2019-08-07 18:10:13'),(1868,799,1,1.50,1,'2019-08-07 18:13:03'),(1869,800,1,1.50,2,'2019-08-07 18:24:12'),(1870,801,3,3.00,1,'2019-08-08 15:48:42'),(1871,802,4,2.50,1,'2019-08-08 15:48:57'),(1872,803,2,2.25,2,'2019-08-08 16:07:21'),(1873,804,1,1.50,3,'2019-08-08 17:01:58'),(1874,805,3,3.00,4,'2019-08-08 17:11:04'),(1875,806,1,1.50,2,'2019-08-08 17:36:59'),(1876,807,33,1.00,1,'2019-08-08 17:58:23'),(1877,808,72,5.00,1,'2019-08-08 19:18:42'),(1878,809,5,15.00,1,'2019-08-08 19:37:19'),(1879,810,3,1.60,55,'2019-08-09 13:38:01'),(1880,810,1,1.00,20,'2019-08-09 13:38:01'),(1881,811,3,1.60,145,'2019-08-09 14:28:05'),(1882,811,5,11.00,6,'2019-08-09 14:28:05'),(1883,812,11,7.50,2,'2019-08-09 15:08:02'),(1884,812,21,5.00,2,'2019-08-09 15:08:02'),(1885,812,16,15.00,2,'2019-08-09 15:08:02'),(1886,812,52,2.00,20,'2019-08-09 15:08:02'),(1887,813,1,1.50,2,'2019-08-09 15:08:20'),(1888,814,27,0.50,1,'2019-08-09 15:28:02'),(1889,814,31,1.50,1,'2019-08-09 15:28:02'),(1890,815,3,3.00,2,'2019-08-09 15:30:12'),(1891,816,1,1.50,3,'2019-08-09 16:18:03'),(1892,817,3,3.00,3,'2019-08-09 16:38:37'),(1893,818,1,1.50,2,'2019-08-09 16:42:04'),(1894,819,4,2.50,2,'2019-08-09 16:44:33'),(1895,820,3,3.00,4,'2019-08-09 17:00:26'),(1896,821,13,4.00,1,'2019-08-09 17:16:17'),(1897,821,50,6.50,1,'2019-08-09 17:16:17'),(1898,821,39,3.00,2,'2019-08-09 17:16:17'),(1899,821,6,1.00,1,'2019-08-09 17:16:17'),(1900,822,1,1.50,6,'2019-08-09 17:17:39'),(1901,822,6,1.00,1,'2019-08-09 17:17:39'),(1902,823,2,2.25,1,'2019-08-09 18:02:54'),(1903,824,72,5.00,1,'2019-08-09 18:06:18'),(1904,825,1,1.50,3,'2019-08-09 18:35:03'),(1905,826,3,3.00,1,'2019-08-09 18:42:18'),(1906,827,1,1.50,2,'2019-08-09 18:48:39'),(1907,828,3,3.00,1,'2019-08-09 18:54:40'),(1908,829,3,3.00,2,'2019-08-09 19:01:26'),(1909,830,35,1.50,1,'2019-08-09 19:15:03'),(1910,830,27,0.50,1,'2019-08-09 19:15:03'),(1911,830,83,0.10,12,'2019-08-09 19:15:03'),(1912,831,1,1.50,2,'2019-08-10 14:41:54'),(1913,832,35,1.50,2,'2019-08-10 14:45:18'),(1914,832,82,15.00,1,'2019-08-10 14:45:18'),(1915,832,43,0.20,5,'2019-08-10 14:45:18'),(1916,832,51,1.00,1,'2019-08-10 14:45:18'),(1917,833,39,3.00,2,'2019-08-10 14:56:04'),(1918,833,31,1.50,2,'2019-08-10 14:56:04'),(1919,833,24,8.00,2,'2019-08-10 14:56:04'),(1920,833,50,6.50,2,'2019-08-10 14:56:04'),(1921,833,1,1.50,2,'2019-08-10 14:56:04'),(1922,833,2,2.25,2,'2019-08-10 14:56:04'),(1923,834,1,1.50,2,'2019-08-10 16:23:42'),(1924,834,2,2.25,1,'2019-08-10 16:23:42'),(1925,834,4,2.50,1,'2019-08-10 16:23:42'),(1926,835,10,6.50,1,'2019-08-10 16:52:26'),(1927,835,7,1.50,1,'2019-08-10 16:52:26'),(1928,835,33,1.00,25,'2019-08-10 16:52:26'),(1929,835,16,15.00,1,'2019-08-10 16:52:26'),(1930,835,47,1.00,2,'2019-08-10 16:52:26'),(1931,835,43,0.20,25,'2019-08-10 16:52:26'),(1932,836,5,15.00,2,'2019-08-10 16:52:44'),(1933,837,38,2.00,1,'2019-08-10 16:59:37'),(1934,837,46,0.50,2,'2019-08-10 16:59:37'),(1935,837,33,1.00,2,'2019-08-10 16:59:37'),(1936,837,33,1.00,1,'2019-08-10 16:59:37'),(1937,837,27,0.50,6,'2019-08-10 16:59:37'),(1938,837,38,2.00,1,'2019-08-10 16:59:37'),(1939,838,1,1.50,2,'2019-08-10 17:05:27'),(1940,839,5,15.00,1,'2019-08-10 17:05:47'),(1941,840,3,3.00,1,'2019-08-10 17:07:33'),(1942,840,4,2.50,1,'2019-08-10 17:07:33'),(1943,841,72,5.00,2,'2019-08-10 17:09:29'),(1944,841,1,1.50,1,'2019-08-10 17:09:29'),(1945,842,1,1.00,75,'2019-08-10 17:23:24'),(1946,842,4,1.15,30,'2019-08-10 17:23:24'),(1947,843,5,15.00,2,'2019-08-10 17:45:53'),(1948,843,3,3.00,1,'2019-08-10 17:45:53'),(1949,844,1,1.50,4,'2019-08-10 17:58:28'),(1950,844,3,3.00,1,'2019-08-10 17:58:28'),(1951,844,4,2.50,1,'2019-08-10 17:58:28'),(1952,845,27,0.30,40,'2019-08-10 17:58:54'),(1953,846,3,3.00,1,'2019-08-10 18:18:31'),(1954,847,5,15.00,1,'2019-08-10 18:21:05'),(1955,848,72,5.00,1,'2019-08-10 18:34:27'),(1956,848,1,1.50,3,'2019-08-10 18:34:27'),(1957,848,3,3.00,1,'2019-08-10 18:34:27'),(1958,849,72,5.00,1,'2019-08-10 18:36:27'),(1959,849,4,2.50,2,'2019-08-10 18:36:27'),(1960,850,4,2.50,1,'2019-08-10 18:37:02'),(1961,850,1,1.50,1,'2019-08-10 18:37:02'),(1962,850,3,3.00,1,'2019-08-10 18:37:02'),(1963,851,37,2.00,2,'2019-08-10 19:02:02'),(1964,852,5,15.00,1,'2019-08-10 19:02:16'),(1965,853,1,1.50,1,'2019-08-10 19:09:23'),(1966,853,2,2.25,2,'2019-08-10 19:09:23'),(1967,854,2,2.25,4,'2019-08-12 15:01:30'),(1968,855,3,3.00,1,'2019-08-12 15:13:28'),(1969,855,3,3.00,0,'2019-08-12 15:13:28'),(1970,856,3,3.00,3,'2019-08-12 15:54:57'),(1971,857,51,1.00,10,'2019-08-12 16:36:40'),(1972,858,14,5.00,1,'2019-08-12 17:46:03'),(1973,858,21,5.00,1,'2019-08-12 17:46:03'),(1974,858,12,12.00,1,'2019-08-12 17:46:03'),(1975,858,68,3.50,1,'2019-08-12 17:46:03'),(1976,858,31,1.50,1,'2019-08-12 17:46:03'),(1977,859,31,1.50,2,'2019-08-12 17:46:22'),(1978,860,5,15.00,1,'2019-08-12 17:52:09'),(1979,861,3,3.00,1,'2019-08-12 18:18:55'),(1980,862,3,3.00,1,'2019-08-12 19:20:55'),(1981,863,27,0.50,1,'2019-08-12 19:36:00'),(1982,863,27,0.50,1,'2019-08-12 19:36:00'),(1983,863,30,1.25,1,'2019-08-12 19:36:00'),(1984,864,1,1.50,4,'2019-08-12 19:46:42');
/*!40000 ALTER TABLE `vendas` ENABLE KEYS */;
UNLOCK TABLES;
/*!40103 SET TIME_ZONE=@OLD_TIME_ZONE */;

/*!40101 SET SQL_MODE=@OLD_SQL_MODE */;
/*!40014 SET FOREIGN_KEY_CHECKS=@OLD_FOREIGN_KEY_CHECKS */;
/*!40014 SET UNIQUE_CHECKS=@OLD_UNIQUE_CHECKS */;
/*!40101 SET CHARACTER_SET_CLIENT=@OLD_CHARACTER_SET_CLIENT */;
/*!40101 SET CHARACTER_SET_RESULTS=@OLD_CHARACTER_SET_RESULTS */;
/*!40101 SET COLLATION_CONNECTION=@OLD_COLLATION_CONNECTION */;
/*!40111 SET SQL_NOTES=@OLD_SQL_NOTES */;

-- Dump completed on 2019-12-14 23:41:49
