-- MySQL dump 10.13  Distrib 8.0.16, for Win64 (x86_64)
--
-- Host: 127.0.0.1    Database: lojinha
-- ------------------------------------------------------
-- Server version	5.7.26-log

/*!40101 SET @OLD_CHARACTER_SET_CLIENT=@@CHARACTER_SET_CLIENT */;
/*!40101 SET @OLD_CHARACTER_SET_RESULTS=@@CHARACTER_SET_RESULTS */;
/*!40101 SET @OLD_COLLATION_CONNECTION=@@COLLATION_CONNECTION */;
 SET NAMES utf8 ;
/*!40103 SET @OLD_TIME_ZONE=@@TIME_ZONE */;
/*!40103 SET TIME_ZONE='+00:00' */;
/*!40014 SET @OLD_UNIQUE_CHECKS=@@UNIQUE_CHECKS, UNIQUE_CHECKS=0 */;
/*!40014 SET @OLD_FOREIGN_KEY_CHECKS=@@FOREIGN_KEY_CHECKS, FOREIGN_KEY_CHECKS=0 */;
/*!40101 SET @OLD_SQL_MODE=@@SQL_MODE, SQL_MODE='NO_AUTO_VALUE_ON_ZERO' */;
/*!40111 SET @OLD_SQL_NOTES=@@SQL_NOTES, SQL_NOTES=0 */;

--
-- Table structure for table `acao_estoque`
--

DROP TABLE IF EXISTS `acao_estoque`;
/*!40101 SET @saved_cs_client     = @@character_set_client */;
 SET character_set_client = utf8mb4 ;
CREATE TABLE `acao_estoque` (
  `id_acao_estoque` int(11) NOT NULL AUTO_INCREMENT,
  `id_produto` int(11) NOT NULL,
  `quantidade_atual` int(11) NOT NULL,
  `quantidade_inserido` int(11) DEFAULT NULL,
  `acao` varchar(10) DEFAULT NULL,
  `timestamp` timestamp NULL DEFAULT CURRENT_TIMESTAMP,
  PRIMARY KEY (`id_acao_estoque`)
) ENGINE=InnoDB AUTO_INCREMENT=137 DEFAULT CHARSET=latin1;
/*!40101 SET character_set_client = @saved_cs_client */;

--
-- Dumping data for table `acao_estoque`
--

LOCK TABLES `acao_estoque` WRITE;
/*!40000 ALTER TABLE `acao_estoque` DISABLE KEYS */;
INSERT INTO `acao_estoque` VALUES (1,4,56,4,'add','2019-06-28 15:20:27'),(2,3,231,3,'add','2019-06-28 15:20:51'),(3,39,3,36,'add','2019-06-28 15:23:16'),(4,5,24,19,'add','2019-06-28 16:32:07'),(5,3,234,52,'add','2019-06-28 16:32:36'),(6,17,0,12,'add','2019-06-28 16:37:54'),(7,29,0,50,'add','2019-06-28 16:40:01'),(8,29,50,50,'add','2019-06-28 16:40:48'),(9,18,2,11,'add','2019-06-28 16:42:07'),(10,28,64,300,'add','2019-06-28 16:42:45'),(11,63,0,0,'add','2019-06-29 05:43:58'),(12,43,479,2700,'add','2019-06-29 13:01:17'),(13,44,37,200,'add','2019-06-29 13:02:02'),(14,5,43,5,'add','2019-06-29 13:03:37'),(15,35,21,27,'add','2019-06-29 13:04:30'),(16,34,16,6,'add','2019-06-29 13:05:15'),(17,34,22,75,'add','2019-06-29 13:05:28'),(18,7,8,36,'add','2019-06-29 13:44:47'),(19,6,14,12,'add','2019-06-29 13:45:26'),(20,46,71,350,'add','2019-06-29 13:46:17'),(21,6,26,36,'add','2019-06-29 13:52:46'),(22,16,8,14,'add','2019-06-29 13:57:05'),(23,14,10,36,'add','2019-06-29 14:04:39'),(24,15,19,12,'add','2019-06-29 14:06:07'),(25,63,0,26,'add','2019-06-29 17:35:34'),(26,5,48,13,'add','2019-06-29 19:11:33'),(27,1,190,1,'remover','2019-06-30 14:58:55'),(28,3,286,1,'remover','2019-06-30 14:59:29'),(29,17,12,1,'remover','2019-06-30 15:09:43'),(30,46,421,25,'remover','2019-06-30 15:11:07'),(31,21,3,1,'remover','2019-06-30 15:12:58'),(32,12,8,1,'add','2019-06-30 15:13:44'),(33,12,9,2,'remover','2019-06-30 15:14:00'),(34,21,2,0,'add','2019-06-30 15:14:36'),(35,8,1,12,'add','2019-06-30 15:15:36'),(36,10,4,6,'add','2019-06-30 15:15:53'),(37,11,22,6,'add','2019-06-30 15:17:03'),(38,24,16,2,'add','2019-06-30 15:18:02'),(39,47,7,10,'add','2019-06-30 15:18:30'),(40,62,2,0,'add','2019-06-30 15:21:39'),(41,62,2,0,'add','2019-06-30 15:21:43'),(42,62,2,0,'add','2019-06-30 15:22:05'),(43,62,2,0,'add','2019-06-30 15:22:25'),(44,62,2,0,'add','2019-06-30 15:25:03'),(45,62,2,0,'add','2019-06-30 15:26:31'),(46,65,0,6,'add','2019-06-30 15:27:27'),(47,62,2,5,'add','2019-06-30 15:27:48'),(48,43,3179,100,'remover','2019-06-30 15:38:20'),(49,6,62,8,'remover','2019-06-30 17:07:20'),(50,1,189,10,'remover','2019-06-30 17:31:00'),(51,3,285,1,'remover','2019-06-30 17:31:30'),(52,3,284,1,'remover','2019-06-30 17:43:17'),(53,15,31,1,'remover','2019-06-30 18:47:41'),(54,39,39,1,'remover','2019-06-30 18:48:43'),(55,30,76,15,'add','2019-06-30 19:10:30'),(56,64,0,10,'add','2019-07-01 14:51:44'),(57,64,10,3,'add','2019-07-01 14:51:59'),(58,66,0,15,'add','2019-07-01 18:08:09'),(59,3,283,2,'remover','2019-07-01 18:08:40'),(60,37,4,1,'add','2019-07-01 18:22:25'),(61,67,0,1,'add','2019-07-01 18:23:48'),(62,18,13,13,'add','2019-07-02 16:14:27'),(63,67,1,0,'add','2019-07-02 17:51:56'),(64,2,40,1,'remover','2019-07-02 20:07:23'),(65,3,281,2,'remover','2019-07-02 20:07:59'),(66,68,0,16,'add','2019-07-02 20:09:03'),(67,67,1,2,'add','2019-07-02 20:09:18'),(68,35,48,20,'add','2019-07-02 20:12:45'),(69,37,5,1,'add','2019-07-02 20:13:37'),(70,35,68,2,'add','2019-07-02 20:15:32'),(71,69,0,16,'add','2019-07-02 20:28:35'),(72,70,0,10,'add','2019-07-02 23:36:24'),(73,71,0,4,'add','2019-07-02 23:40:26'),(74,1,179,1,'remover','2019-07-02 23:52:52'),(75,3,279,2,'remover','2019-07-03 18:12:51'),(76,73,0,10,'add','2019-07-04 15:04:18'),(77,72,0,20,'add','2019-07-04 15:04:29'),(78,3,277,1,'remover','2019-07-04 16:04:53'),(79,5,61,1,'remover','2019-07-05 13:47:25'),(80,51,50,214,'add','2019-07-05 14:09:05'),(81,30,91,0,'add','2019-07-05 14:10:23'),(82,30,91,4,'remover','2019-07-05 14:10:37'),(83,19,11,24,'add','2019-07-08 15:09:06'),(84,22,9,12,'add','2019-07-08 15:09:23'),(85,21,2,6,'add','2019-07-08 15:10:33'),(86,11,28,12,'add','2019-07-08 15:11:18'),(87,2,39,1,'remover','2019-07-08 15:29:55'),(88,27,500,400,'add','2019-07-08 21:08:07'),(89,35,70,50,'add','2019-07-10 21:57:31'),(90,37,6,13,'add','2019-07-10 21:58:22'),(91,34,97,50,'add','2019-07-10 21:59:33'),(92,67,3,10,'add','2019-07-10 22:03:45'),(93,38,44,25,'add','2019-07-10 22:05:54'),(94,38,69,18,'add','2019-07-10 22:07:34'),(95,38,87,3,'add','2019-07-10 22:08:15'),(96,38,90,0,'add','2019-07-10 22:08:33'),(97,29,100,50,'remover','2019-07-10 22:16:22'),(98,29,50,11,'remover','2019-07-10 22:19:37'),(99,29,39,25,'add','2019-07-10 22:20:01'),(100,54,186,186,'remover','2019-07-10 22:22:55'),(101,73,10,0,'add','2019-07-11 02:15:16'),(102,72,20,0,'add','2019-07-11 02:15:32'),(103,72,20,1,'remover','2019-07-11 02:15:39'),(104,55,360,0,'add','2019-07-11 02:16:07'),(105,54,0,0,'add','2019-07-11 02:16:17'),(106,9,14,19,'add','2019-07-12 16:13:56'),(107,13,12,17,'add','2019-07-12 16:14:21'),(108,13,29,12,'add','2019-07-12 16:16:00'),(109,19,35,12,'add','2019-07-12 16:17:41'),(110,20,7,12,'add','2019-07-12 16:18:00'),(111,11,40,10,'add','2019-07-12 16:18:58'),(112,14,46,56,'add','2019-07-12 16:21:52'),(113,14,102,9,'add','2019-07-12 16:22:02'),(114,15,30,12,'add','2019-07-12 16:22:32'),(115,17,11,1,'add','2019-07-12 16:23:27'),(116,16,22,6,'add','2019-07-12 16:28:52'),(117,52,25,10,'add','2019-07-12 16:35:14'),(118,18,26,14,'remover','2019-07-12 16:44:49'),(119,5,60,3,'remover','2019-07-12 16:47:04'),(120,5,57,1,'remover','2019-07-12 17:39:15'),(121,32,40,1,'remover','2019-07-12 20:24:28'),(122,31,80,40,'add','2019-07-12 20:25:09'),(123,14,111,36,'add','2019-07-12 20:26:01'),(124,15,42,12,'add','2019-07-12 20:26:15'),(125,16,28,15,'add','2019-07-12 20:26:26'),(126,17,12,6,'add','2019-07-12 20:26:43'),(127,18,12,4,'add','2019-07-12 20:26:55'),(128,2,38,1,'remover','2019-07-12 21:58:45'),(129,79,0,1,'add','2019-07-13 14:52:12'),(130,77,0,1,'add','2019-07-13 14:52:32'),(131,76,0,0,'add','2019-07-13 14:53:08'),(132,76,0,6,'add','2019-07-13 14:55:26'),(133,26,1,0,'add','2019-07-13 14:55:55'),(134,26,1,2,'add','2019-07-13 14:57:26'),(135,75,0,70,'add','2019-07-13 15:07:43'),(136,71,4,1,'remover','2019-07-13 15:12:07');
/*!40000 ALTER TABLE `acao_estoque` ENABLE KEYS */;
UNLOCK TABLES;

--
-- Table structure for table `movimentacao`
--

DROP TABLE IF EXISTS `movimentacao`;
/*!40101 SET @saved_cs_client     = @@character_set_client */;
 SET character_set_client = utf8mb4 ;
CREATE TABLE `movimentacao` (
  `id_movimentacao` int(11) NOT NULL AUTO_INCREMENT,
  `valor` decimal(6,2) NOT NULL,
  `descricao` text NOT NULL,
  `tipo` varchar(10) NOT NULL,
  `status` varchar(10) DEFAULT 'ativo',
  `timestamp` timestamp NULL DEFAULT CURRENT_TIMESTAMP,
  PRIMARY KEY (`id_movimentacao`)
) ENGINE=InnoDB AUTO_INCREMENT=10 DEFAULT CHARSET=latin1;
/*!40101 SET character_set_client = @saved_cs_client */;

--
-- Dumping data for table `movimentacao`
--

LOCK TABLES `movimentacao` WRITE;
/*!40000 ALTER TABLE `movimentacao` DISABLE KEYS */;
INSERT INTO `movimentacao` VALUES (1,195.00,'Compras rico','retirado','ativo','2019-07-02 14:35:15'),(2,150.00,'Compras acai','retirado','ativo','2019-07-04 15:05:26'),(3,25.00,'Renato pegou 20','retirado','ativo','2019-07-07 16:54:10'),(4,198.00,'Compras rico','retirado','ativo','2019-07-08 15:08:02'),(5,241.00,'Carlinhos patriarca 10/07','retirado','ativo','2019-07-10 22:21:27'),(6,420.00,'Compras linhas e raias','retirado','ativo','2019-07-12 20:22:45'),(7,365.00,'Carretilhas madeira','retirado','ativo','2019-07-12 21:56:53'),(9,13.00,'Hector vendeu 13 reais de produtos, nao registrou pois ja tinha desligado o notebook. Ele mandou eu dar baixa','inserido','ativo','2019-07-14 04:14:25');
/*!40000 ALTER TABLE `movimentacao` ENABLE KEYS */;
UNLOCK TABLES;

--
-- Table structure for table `produtos`
--

DROP TABLE IF EXISTS `produtos`;
/*!40101 SET @saved_cs_client     = @@character_set_client */;
 SET character_set_client = utf8mb4 ;
CREATE TABLE `produtos` (
  `id_produto` int(11) NOT NULL AUTO_INCREMENT,
  `nome` varchar(255) NOT NULL,
  `descricao` varchar(45) DEFAULT NULL,
  `valorVarejo` decimal(6,2) NOT NULL DEFAULT '0.00',
  `valorAtacado` decimal(6,2) NOT NULL DEFAULT '0.00',
  `quantidade` int(11) NOT NULL DEFAULT '0',
  `status` varchar(45) NOT NULL DEFAULT 'ativo',
  `timestamp` timestamp NULL DEFAULT CURRENT_TIMESTAMP,
  PRIMARY KEY (`id_produto`)
) ENGINE=InnoDB AUTO_INCREMENT=80 DEFAULT CHARSET=latin1;
/*!40101 SET character_set_client = @saved_cs_client */;

--
-- Dumping data for table `produtos`
--

LOCK TABLES `produtos` WRITE;
/*!40000 ALTER TABLE `produtos` DISABLE KEYS */;
INSERT INTO `produtos` VALUES (1,'Picolé','Todos os sabores',1.50,0.00,178,'ativo','2019-06-22 18:24:59'),(2,'Skimo','Picole casquinha de chocolate',2.25,0.00,37,'ativo','2019-06-22 18:36:15'),(3,'Pote 250ml','Todos os sabores',3.00,0.00,276,'ativo','2019-06-22 18:37:22'),(4,'Pote 200ml','Todos os sabores',2.50,0.00,60,'ativo','2019-06-22 18:37:45'),(5,'Pote 2l','Todos os sabores',15.00,0.00,56,'ativo','2019-06-22 18:38:29'),(6,'Linha 60jds','Extra forte',1.00,0.00,54,'ativo','2019-06-22 18:44:58'),(7,'Linha 100jds','Extra forte',1.50,0.00,44,'ativo','2019-06-22 18:46:04'),(8,'Linha 200jds','Extra forte',2.50,0.00,13,'ativo','2019-06-22 18:46:59'),(9,'Linha Fun 500jds','Aero fun',5.50,0.00,33,'ativo','2019-06-22 18:47:45'),(10,'Linha Pinheiro 500jds','Pinheiro',6.50,0.00,10,'ativo','2019-06-22 18:48:45'),(11,'Linha Corrente 500jds','Corrente',7.50,0.00,50,'ativo','2019-06-22 18:50:35'),(12,'Linha 1000jds','Pitbull',12.00,0.00,7,'ativo','2019-06-22 18:51:41'),(13,'Linha 250jds Na Lata','Extra forte',4.00,0.00,41,'ativo','2019-06-22 18:55:21'),(14,'Linha Pronta 100jds','',5.00,0.00,147,'ativo','2019-06-23 15:28:12'),(15,'Linha Pronta 200jds','',10.00,0.00,54,'ativo','2019-06-23 15:28:37'),(16,'Linha Pronta 500jds','',15.00,0.00,43,'ativo','2019-06-23 15:29:02'),(17,'Linha Pronta 1000jds','',25.00,0.00,18,'ativo','2019-06-23 15:29:38'),(18,'Linha Pronta 3000jds','',50.00,0.00,16,'ativo','2019-06-23 15:30:01'),(19,'Porta Linha Redondo Peq.','',2.00,0.00,47,'ativo','2019-06-23 15:30:30'),(20,'Porta Linha Redondo Medio','',2.50,0.00,19,'ativo','2019-06-23 15:31:04'),(21,'Porta Linha Redondo Grande','',5.00,0.00,8,'ativo','2019-06-23 15:31:31'),(22,'Porta Linha Oval Medio','',4.00,0.00,21,'ativo','2019-06-23 15:33:13'),(23,'Porta Linha Redondo Gigante','',8.00,0.00,1,'ativo','2019-06-23 15:33:42'),(24,'Carretilha Plastica Peq.','',10.00,0.00,18,'ativo','2019-06-23 15:34:04'),(25,'Carretilha Madeira 9\"lisa','',30.00,0.00,2,'ativo','2019-06-23 15:35:57'),(26,'Carretilha Madeira 10\"pintada','',45.00,0.00,3,'ativo','2019-06-23 15:36:39'),(27,'Peixao 30cm','',0.50,0.00,900,'ativo','2019-06-23 15:38:42'),(28,'Pexao 35cm Pequeno','',0.60,0.00,364,'ativo','2019-06-23 15:40:40'),(29,'Pexao 40cm Media','',1.00,0.00,64,'ativo','2019-06-23 15:41:25'),(30,'Pexao 30cm Com Rabiola','',1.25,0.00,87,'ativo','2019-06-23 15:43:22'),(31,'Raia Puxo Plastica Pequena','',1.50,0.00,120,'ativo','2019-06-23 15:47:11'),(32,'Raia Puxo Plastica Media','',2.00,0.00,39,'ativo','2019-06-23 15:55:57'),(33,'Pipa Caçula','',1.00,0.00,346,'ativo','2019-06-23 16:00:38'),(34,'Pipa Pequeno','',1.20,0.00,147,'ativo','2019-06-23 16:01:53'),(35,'Pipa Medio Mucha','',1.50,0.00,120,'ativo','2019-06-23 16:02:36'),(36,'Pipa Medio Camarao','',1.50,0.00,37,'ativo','2019-06-23 16:06:03'),(37,'Pipa Mucha Grande','',2.00,0.00,19,'ativo','2019-06-23 16:06:45'),(38,'Pipa Grande Lapis','',2.00,0.00,90,'ativo','2019-06-23 16:08:18'),(39,'Pipa Medio Com Rabiola','',3.00,0.00,38,'ativo','2019-06-23 16:08:46'),(40,'Pipas Lona Pequeno','',7.00,0.00,1,'ativo','2019-06-23 16:11:00'),(41,'Pipa Lona Medio','',10.00,0.00,3,'ativo','2019-06-23 16:11:18'),(42,'Pipa Lona Grande','',15.00,0.00,9,'ativo','2019-06-23 16:11:38'),(43,'Rabiola Por Metro','',0.20,0.00,3079,'ativo','2019-06-23 16:13:53'),(44,'Rabiola Pct 5mts','',1.00,0.00,237,'ativo','2019-06-23 16:14:21'),(45,'Rabiola Pct 100mts','',15.00,0.00,0,'desativado','2019-06-23 16:15:24'),(46,'Fitinha Rocambole','',0.50,0.00,396,'ativo','2019-06-23 16:18:36'),(47,'Fita Dedo 1 Metro','',1.00,0.00,17,'ativo','2019-06-23 16:21:46'),(48,'Fita De Dedo 20 Mts','',8.00,0.00,21,'ativo','2019-06-23 16:22:23'),(49,'Cola Madeira Sache','',1.00,0.00,12,'ativo','2019-06-23 16:26:13'),(50,'Linha Aero Max 500','Aero',6.50,0.00,11,'ativo','2019-06-23 18:11:54'),(51,'Raia Puxo Papel Peq.','',1.00,0.00,264,'ativo','2019-06-26 01:00:29'),(52,'Pipa Peq.c. Rabiola','',2.00,0.00,35,'ativo','2019-06-26 16:23:01'),(53,'Biribinha','',1.00,0.00,161,'ativo','2019-06-26 16:31:01'),(54,'Baton 4','Bomba b4',1.00,0.00,0,'ativo','2019-06-26 16:34:23'),(55,'Baton 1','Bomba b1',0.70,0.00,360,'ativo','2019-06-26 16:39:35'),(56,'Traque','',3.50,0.00,12,'ativo','2019-06-26 16:49:36'),(57,'Minhoquinha','',3.00,0.00,7,'ativo','2019-06-26 16:50:08'),(58,'Arvore De Natal','',3.00,0.00,11,'ativo','2019-06-26 16:50:57'),(59,'Foguetinho','',1.50,0.00,10,'ativo','2019-06-26 16:52:57'),(60,'Candela 10 Tiros','Varinha',1.50,0.00,0,'ativo','2019-06-26 16:53:49'),(61,'Velas Magnezianas','',1.50,0.00,4,'ativo','2019-06-26 16:54:38'),(62,'Rojao 12x1 Caixa','Fogos',25.00,0.00,7,'ativo','2019-06-26 16:56:26'),(63,'Paçoca','Doce',1.00,0.00,26,'ativo','2019-06-28 16:38:51'),(64,'Linha 1500jds','',20.00,0.00,13,'ativo','2019-06-30 13:39:53'),(65,'Rojao 12x1 Unudade','',6.00,0.00,6,'ativo','2019-06-30 15:25:59'),(66,'Lanterna Voadora','',6.00,0.00,15,'ativo','2019-07-01 18:07:20'),(67,'Pipa Gigante','',3.00,0.00,13,'ativo','2019-07-01 18:23:23'),(68,'Pipa Gigante C Rabiola','',3.50,0.00,16,'ativo','2019-07-01 18:26:11'),(69,'Piao','',2.50,0.00,16,'ativo','2019-07-02 20:28:13'),(70,'Pipa Grande Envergado','',1.80,0.00,10,'ativo','2019-07-02 23:35:53'),(71,'Pipa Bico Medio','Pipa bico medio',1.80,0.00,3,'ativo','2019-07-02 23:40:09'),(72,'Açaí Pequeno 220 Ml','Acai',5.00,0.00,19,'ativo','2019-07-04 15:01:20'),(73,'Açaí Grande 1 Litro','Acai',15.00,0.00,10,'ativo','2019-07-04 15:03:46'),(74,'Porta Linha Quadrado','',2.50,0.00,0,'ativo','2019-07-08 15:10:11'),(75,'Cola Madeira Granulada','',2.00,0.00,70,'ativo','2019-07-08 15:19:34'),(76,'Carretilha Pintada 9\"','',35.00,0.00,6,'ativo','2019-07-13 14:48:46'),(77,'Carretilha Mad. Pintada 11\"','',60.00,0.00,1,'ativo','2019-07-13 14:50:08'),(78,'Carretilha Mad. Pintada 14\"','',80.00,0.00,0,'ativo','2019-07-13 14:51:27'),(79,'Carretilha Mad. Pintada 16\"','',100.00,0.00,1,'ativo','2019-07-13 14:51:59');
/*!40000 ALTER TABLE `produtos` ENABLE KEYS */;
UNLOCK TABLES;

--
-- Table structure for table `promocao`
--

DROP TABLE IF EXISTS `promocao`;
/*!40101 SET @saved_cs_client     = @@character_set_client */;
 SET character_set_client = utf8mb4 ;
CREATE TABLE `promocao` (
  `id_promocao` int(11) NOT NULL AUTO_INCREMENT,
  `id_produto` varchar(45) NOT NULL,
  `quantidade` int(11) NOT NULL,
  `valor` decimal(6,2) NOT NULL,
  `status` varchar(45) DEFAULT 'ativo',
  `timestamp` timestamp NULL DEFAULT CURRENT_TIMESTAMP,
  PRIMARY KEY (`id_promocao`)
) ENGINE=InnoDB AUTO_INCREMENT=10 DEFAULT CHARSET=latin1;
/*!40101 SET character_set_client = @saved_cs_client */;

--
-- Dumping data for table `promocao`
--

LOCK TABLES `promocao` WRITE;
/*!40000 ALTER TABLE `promocao` DISABLE KEYS */;
INSERT INTO `promocao` VALUES (1,'1',20,1.25,'ativo','2019-06-22 18:26:00'),(2,'1',100,1.00,'ativo','2019-06-22 18:26:22'),(3,'2',10,2.00,'ativo','2019-06-22 18:40:43'),(4,'27',25,0.40,'ativo','2019-06-23 15:39:17'),(5,'43',100,0.15,'ativo','2019-06-23 16:17:31'),(6,'28',25,0.54,'ativo','2019-06-26 15:28:20'),(7,'54',10,0.70,'ativo','2019-06-26 16:36:32'),(8,'55',20,0.40,'ativo','2019-06-26 16:40:54'),(9,'62',6,4.17,'desativado','2019-06-30 15:23:48');
/*!40000 ALTER TABLE `promocao` ENABLE KEYS */;
UNLOCK TABLES;

--
-- Table structure for table `transacao`
--

DROP TABLE IF EXISTS `transacao`;
/*!40101 SET @saved_cs_client     = @@character_set_client */;
 SET character_set_client = utf8mb4 ;
CREATE TABLE `transacao` (
  `id_transacao` int(11) NOT NULL AUTO_INCREMENT,
  `valor_total` decimal(6,2) NOT NULL,
  `valor_pago` decimal(6,2) NOT NULL,
  `troco` decimal(6,2) NOT NULL DEFAULT '0.00',
  `desconto` decimal(6,2) NOT NULL DEFAULT '0.00',
  `tipo_pagamento` varchar(10) NOT NULL,
  `venda` varchar(10) NOT NULL,
  `timestamp` timestamp NULL DEFAULT CURRENT_TIMESTAMP,
  PRIMARY KEY (`id_transacao`)
) ENGINE=InnoDB AUTO_INCREMENT=340 DEFAULT CHARSET=latin1;
/*!40101 SET character_set_client = @saved_cs_client */;

--
-- Dumping data for table `transacao`
--

LOCK TABLES `transacao` WRITE;
/*!40000 ALTER TABLE `transacao` DISABLE KEYS */;
INSERT INTO `transacao` VALUES (1,15.50,15.50,0.00,0.00,'cartao','varejo','2019-06-26 15:20:44'),(2,1.50,1.50,0.00,0.00,'dinheiro','varejo','2019-06-26 15:25:42'),(3,3.00,3.00,0.00,0.00,'dinheiro','varejo','2019-06-26 19:24:22'),(4,3.50,3.50,0.00,0.00,'dinheiro','varejo','2019-06-26 19:25:08'),(5,3.00,5.00,2.00,0.00,'dinheiro','varejo','2019-06-26 19:26:37'),(6,9.40,9.40,0.00,0.00,'dinheiro','varejo','2019-06-26 19:27:57'),(7,5.00,5.00,0.00,0.00,'dinheiro','varejo','2019-06-26 19:28:45'),(8,2.50,2.50,0.00,0.00,'dinheiro','varejo','2019-06-26 19:29:16'),(9,5.50,5.50,0.00,0.00,'dinheiro','varejo','2019-06-26 19:30:15'),(10,15.00,15.00,0.00,0.00,'cartao','varejo','2019-06-26 19:31:04'),(11,12.00,12.00,0.00,0.00,'dinheiro','varejo','2019-06-26 19:33:13'),(12,0.50,0.50,0.00,0.00,'dinheiro','varejo','2019-06-26 19:33:47'),(13,0.60,0.60,0.00,0.00,'dinheiro','varejo','2019-06-26 19:34:36'),(14,6.00,10.00,4.00,0.00,'dinheiro','varejo','2019-06-26 19:54:01'),(15,0.50,0.50,0.00,0.00,'dinheiro','varejo','2019-06-26 20:09:00'),(16,5.50,5.50,0.00,0.00,'dinheiro','varejo','2019-06-27 15:18:53'),(17,30.00,100.00,70.00,0.00,'dinheiro','varejo','2019-06-27 15:52:11'),(18,30.00,30.00,0.00,0.00,'dinheiro','varejo','2019-06-27 16:57:31'),(19,2.00,2.00,0.00,0.00,'dinheiro','varejo','2019-06-27 16:58:38'),(20,8.25,10.00,1.75,0.00,'dinheiro','varejo','2019-06-27 17:03:21'),(21,1.00,1.00,0.00,0.00,'dinheiro','varejo','2019-06-27 17:30:38'),(22,50.00,50.00,0.00,0.00,'dinheiro','varejo','2019-06-27 17:33:43'),(23,13.50,50.00,36.50,0.00,'dinheiro','varejo','2019-06-27 17:34:30'),(24,13.50,50.00,36.50,0.00,'dinheiro','varejo','2019-06-27 17:34:30'),(25,13.00,13.00,0.00,0.00,'dinheiro','varejo','2019-06-27 17:49:48'),(26,20.00,20.00,0.00,0.00,'dinheiro','varejo','2019-06-27 18:07:42'),(27,15.00,100.00,85.00,0.00,'dinheiro','varejo','2019-06-27 18:16:33'),(28,19.00,20.00,1.00,0.00,'dinheiro','varejo','2019-06-27 18:18:44'),(29,9.00,9.00,0.00,0.00,'cartao','varejo','2019-06-27 18:19:51'),(30,5.00,5.00,0.00,0.00,'dinheiro','varejo','2019-06-27 18:26:36'),(31,5.50,10.00,4.50,0.00,'dinheiro','varejo','2019-06-27 18:32:47'),(32,15.00,15.00,0.00,0.00,'cartao','varejo','2019-06-27 20:26:47'),(33,12.00,20.00,8.00,0.00,'dinheiro','varejo','2019-06-28 15:16:07'),(34,18.00,18.00,0.00,0.00,'cartao','varejo','2019-06-28 15:17:19'),(35,0.50,0.50,0.00,0.00,'dinheiro','varejo','2019-06-28 15:17:39'),(36,0.50,2.00,1.50,0.00,'dinheiro','varejo','2019-06-28 15:44:20'),(37,8.00,22.00,14.00,0.00,'dinheiro','varejo','2019-06-28 15:45:05'),(38,7.50,7.50,0.00,0.00,'cartao','varejo','2019-06-28 16:59:53'),(39,4.70,4.75,0.05,0.00,'dinheiro','varejo','2019-06-28 17:25:56'),(40,6.00,21.00,15.00,0.00,'dinheiro','varejo','2019-06-28 17:31:06'),(41,3.00,3.00,0.00,0.00,'dinheiro','varejo','2019-06-28 18:27:04'),(42,28.50,50.00,21.50,0.00,'dinheiro','varejo','2019-06-28 18:32:45'),(43,1.50,1.50,0.00,0.00,'dinheiro','varejo','2019-06-28 18:35:24'),(44,13.25,50.00,36.75,0.00,'dinheiro','varejo','2019-06-28 19:09:19'),(45,1.50,1.50,0.00,0.00,'dinheiro','varejo','2019-06-28 19:09:56'),(46,0.50,0.50,0.00,0.00,'dinheiro','varejo','2019-06-28 19:10:20'),(47,3.00,3.00,0.00,0.00,'dinheiro','varejo','2019-06-28 19:23:58'),(48,4.50,5.00,0.50,0.00,'dinheiro','varejo','2019-06-28 19:32:31'),(49,9.50,20.00,10.50,0.00,'dinheiro','varejo','2019-06-28 19:49:56'),(50,5.00,5.00,0.00,0.00,'dinheiro','varejo','2019-06-28 20:21:49'),(51,10.80,10.80,0.00,0.00,'dinheiro','varejo','2019-06-29 13:22:42'),(52,16.00,16.00,0.00,0.00,'dinheiro','varejo','2019-06-29 13:29:39'),(53,1.50,2.00,0.50,0.00,'dinheiro','varejo','2019-06-29 13:33:46'),(54,11.60,11.60,0.00,0.00,'dinheiro','varejo','2019-06-29 14:30:07'),(55,2.50,5.00,2.50,0.00,'dinheiro','varejo','2019-06-29 15:06:42'),(56,3.50,3.50,0.00,0.00,'dinheiro','varejo','2019-06-29 15:08:33'),(57,9.00,20.00,11.00,0.00,'dinheiro','varejo','2019-06-29 16:12:55'),(58,15.00,20.00,5.00,0.00,'dinheiro','varejo','2019-06-29 16:17:46'),(59,5.00,5.00,0.00,0.00,'dinheiro','varejo','2019-06-29 16:26:37'),(60,50.00,50.00,0.00,0.00,'dinheiro','varejo','2019-06-29 16:42:07'),(61,13.50,13.50,0.00,0.00,'cartao','varejo','2019-06-29 16:50:47'),(62,2.20,2.20,0.00,0.00,'dinheiro','varejo','2019-06-29 16:51:39'),(63,6.00,6.00,0.00,0.00,'dinheiro','varejo','2019-06-29 16:53:01'),(64,33.00,30.00,0.00,3.00,'dinheiro','varejo','2019-06-29 16:55:03'),(65,115.00,115.00,0.00,0.00,'cartao','varejo','2019-06-29 16:59:24'),(66,22.00,22.00,0.00,0.00,'dinheiro','varejo','2019-06-29 17:02:46'),(67,5.00,5.00,0.00,0.00,'dinheiro','varejo','2019-06-29 17:03:21'),(68,1.50,1.50,0.00,0.00,'dinheiro','varejo','2019-06-29 17:06:23'),(69,5.50,5.50,0.00,0.00,'dinheiro','varejo','2019-06-29 17:07:10'),(70,1.00,1.00,0.00,0.00,'dinheiro','varejo','2019-06-29 17:11:45'),(71,1.50,2.00,0.50,0.00,'dinheiro','varejo','2019-06-29 17:22:08'),(72,350.00,245.00,0.00,105.00,'dinheiro','atacado','2019-06-29 17:26:05'),(73,30.00,0.01,0.00,29.99,'dinheiro','varejo','2019-06-29 17:27:57'),(74,3.00,0.01,0.00,2.99,'dinheiro','varejo','2019-06-29 17:28:47'),(75,31.00,31.00,0.00,0.00,'cartao','varejo','2019-06-29 17:32:04'),(76,619.50,419.50,0.00,200.00,'dinheiro','atacado','2019-06-29 17:42:30'),(77,2.00,2.00,0.00,0.00,'dinheiro','varejo','2019-06-29 17:42:56'),(78,14.10,14.10,0.00,0.00,'dinheiro','varejo','2019-06-29 18:05:11'),(79,15.00,16.00,1.00,0.00,'dinheiro','varejo','2019-06-29 18:11:57'),(80,46.50,50.00,3.50,0.00,'dinheiro','varejo','2019-06-29 18:15:01'),(81,47.00,47.00,0.00,0.00,'cartao','varejo','2019-06-29 18:18:18'),(82,2.00,2.00,0.00,0.00,'dinheiro','varejo','2019-06-29 18:20:59'),(83,31.00,50.00,19.00,0.00,'dinheiro','varejo','2019-06-29 18:25:02'),(84,10.00,10.00,0.00,0.00,'dinheiro','varejo','2019-06-29 18:26:51'),(85,3.00,5.00,2.00,0.00,'dinheiro','varejo','2019-06-29 18:29:49'),(86,18.00,18.00,0.00,0.00,'cartao','varejo','2019-06-29 18:52:28'),(87,16.50,16.50,0.00,0.00,'cartao','varejo','2019-06-29 18:53:30'),(88,2.50,2.50,0.00,0.00,'dinheiro','varejo','2019-06-29 19:19:09'),(89,4.00,4.00,0.00,0.00,'dinheiro','varejo','2019-06-29 20:03:47'),(90,15.00,15.00,0.00,0.00,'cartao','varejo','2019-06-29 20:17:30'),(91,2.50,2.50,0.00,0.00,'dinheiro','varejo','2019-06-29 20:29:08'),(92,5.80,6.00,0.20,0.00,'dinheiro','varejo','2019-06-29 20:30:31'),(93,6.00,6.00,0.00,0.00,'dinheiro','varejo','2019-06-29 20:31:15'),(94,77.00,100.00,23.00,0.00,'dinheiro','varejo','2019-06-30 13:02:18'),(95,9.30,9.30,0.00,0.00,'dinheiro','varejo','2019-06-30 13:11:03'),(96,0.60,0.60,0.00,0.00,'dinheiro','varejo','2019-06-30 13:15:38'),(97,16.50,20.00,3.50,0.00,'dinheiro','varejo','2019-06-30 14:02:23'),(98,12.00,12.00,0.00,0.00,'dinheiro','varejo','2019-06-30 14:04:48'),(99,6.00,6.00,0.00,0.00,'dinheiro','varejo','2019-06-30 15:28:19'),(100,10.00,10.00,0.00,0.00,'dinheiro','varejo','2019-06-30 15:43:46'),(101,4.50,5.00,0.50,0.00,'dinheiro','varejo','2019-06-30 15:44:55'),(102,1.60,2.00,0.40,0.00,'dinheiro','varejo','2019-06-30 15:46:34'),(103,22.50,22.50,0.00,0.00,'cartao','varejo','2019-06-30 15:53:51'),(104,6.00,6.00,0.00,0.00,'dinheiro','varejo','2019-06-30 16:04:18'),(108,15.50,20.00,4.50,0.00,'dinheiro','varejo','2019-06-30 16:53:31'),(109,36.00,100.00,64.00,0.00,'dinheiro','varejo','2019-06-30 16:58:35'),(110,25.55,25.55,0.00,0.00,'dinheiro','varejo','2019-06-30 17:06:06'),(111,39.75,39.75,0.00,0.00,'dinheiro','varejo','2019-06-30 17:10:52'),(112,2.50,2.00,0.00,0.50,'dinheiro','varejo','2019-06-30 17:14:01'),(113,8.80,8.80,0.00,0.00,'dinheiro','varejo','2019-06-30 17:22:43'),(114,19.50,19.50,0.00,0.00,'cartao','varejo','2019-06-30 17:23:33'),(115,2.00,2.00,0.00,0.00,'dinheiro','varejo','2019-06-30 17:25:25'),(116,2.90,3.00,0.10,0.00,'dinheiro','varejo','2019-06-30 17:26:37'),(117,9.00,9.00,0.00,0.00,'cartao','varejo','2019-06-30 17:37:06'),(118,23.50,25.00,1.50,0.00,'dinheiro','varejo','2019-06-30 17:43:05'),(119,9.00,50.00,41.00,0.00,'dinheiro','varejo','2019-06-30 17:53:48'),(120,0.60,0.75,0.15,0.00,'dinheiro','varejo','2019-06-30 17:56:53'),(121,12.40,50.00,37.60,0.00,'dinheiro','varejo','2019-06-30 18:25:23'),(122,21.00,50.00,29.00,0.00,'dinheiro','varejo','2019-06-30 18:34:14'),(123,5.00,5.00,0.00,0.00,'dinheiro','varejo','2019-06-30 18:34:42'),(124,0.20,0.20,0.00,0.00,'dinheiro','varejo','2019-06-30 18:43:57'),(125,2.50,2.50,0.00,0.00,'dinheiro','varejo','2019-06-30 18:49:25'),(126,17.00,20.00,3.00,0.00,'dinheiro','varejo','2019-06-30 18:52:58'),(127,8.00,8.00,0.00,0.00,'dinheiro','varejo','2019-06-30 18:55:04'),(128,15.00,15.00,0.00,0.00,'dinheiro','varejo','2019-06-30 18:56:04'),(129,3.00,3.00,0.00,0.00,'dinheiro','varejo','2019-06-30 19:03:04'),(130,7.00,7.00,0.00,0.00,'dinheiro','varejo','2019-06-30 19:04:32'),(131,18.00,50.00,32.00,0.00,'dinheiro','varejo','2019-06-30 19:05:12'),(132,6.00,6.00,0.00,0.00,'dinheiro','varejo','2019-06-30 19:11:07'),(133,2.25,2.25,0.00,0.00,'dinheiro','varejo','2019-06-30 19:13:49'),(134,19.50,20.00,0.50,0.00,'dinheiro','varejo','2019-06-30 19:20:42'),(135,0.60,0.60,0.00,0.00,'dinheiro','varejo','2019-06-30 19:21:45'),(136,3.00,3.00,0.00,0.00,'dinheiro','varejo','2019-07-01 14:57:13'),(137,26.00,26.00,0.00,0.00,'dinheiro','varejo','2019-07-01 14:58:47'),(138,1.50,1.50,0.00,0.00,'dinheiro','varejo','2019-07-01 15:03:31'),(139,23.75,23.75,0.00,0.00,'dinheiro','varejo','2019-07-01 15:21:11'),(140,1.50,1.50,0.00,0.00,'dinheiro','varejo','2019-07-01 15:23:45'),(141,57.00,57.00,0.00,0.00,'dinheiro','varejo','2019-07-01 16:18:58'),(142,1.50,2.00,0.50,0.00,'dinheiro','varejo','2019-07-01 16:44:10'),(143,5.00,5.00,0.00,0.00,'dinheiro','varejo','2019-07-01 16:48:38'),(144,0.50,2.00,1.50,0.00,'dinheiro','varejo','2019-07-01 16:58:26'),(145,1.50,2.00,0.50,0.00,'dinheiro','varejo','2019-07-01 17:20:12'),(146,30.00,30.00,0.00,0.00,'dinheiro','varejo','2019-07-01 17:27:33'),(147,2.00,2.00,0.00,0.00,'dinheiro','varejo','2019-07-01 17:27:54'),(148,13.00,13.00,0.00,0.00,'dinheiro','varejo','2019-07-01 17:59:50'),(149,21.00,21.00,0.00,0.00,'dinheiro','varejo','2019-07-01 18:03:14'),(150,15.00,15.00,0.00,0.00,'dinheiro','varejo','2019-07-01 18:21:38'),(151,1.25,1.25,0.00,0.00,'dinheiro','varejo','2019-07-01 18:21:53'),(152,15.00,15.00,0.00,0.00,'dinheiro','varejo','2019-07-01 18:39:58'),(153,18.00,18.00,0.00,0.00,'dinheiro','varejo','2019-07-01 18:40:36'),(154,3.00,3.00,0.00,0.00,'dinheiro','varejo','2019-07-01 18:53:01'),(155,8.50,8.50,0.00,0.00,'cartao','varejo','2019-07-01 19:00:35'),(156,15.00,15.00,0.00,0.00,'dinheiro','varejo','2019-07-01 19:18:02'),(157,15.00,20.00,5.00,0.00,'dinheiro','varejo','2019-07-01 19:20:29'),(158,16.10,20.00,3.90,0.00,'dinheiro','varejo','2019-07-01 19:27:33'),(159,12.50,12.50,0.00,0.00,'dinheiro','varejo','2019-07-01 19:33:01'),(160,9.00,10.00,1.00,0.00,'dinheiro','varejo','2019-07-02 14:48:13'),(161,12.90,20.00,7.10,0.00,'dinheiro','varejo','2019-07-02 15:16:17'),(162,5.00,5.00,0.00,0.00,'dinheiro','varejo','2019-07-02 15:16:46'),(163,14.00,14.00,0.00,0.00,'dinheiro','varejo','2019-07-02 15:18:24'),(164,5.00,5.00,0.00,0.00,'dinheiro','varejo','2019-07-02 15:24:16'),(165,5.00,5.00,0.00,0.00,'dinheiro','varejo','2019-07-02 16:01:37'),(166,2.00,2.00,0.00,0.00,'dinheiro','varejo','2019-07-02 16:33:19'),(167,7.50,10.00,2.50,0.00,'dinheiro','varejo','2019-07-02 16:39:50'),(168,10.00,10.00,0.00,0.00,'dinheiro','varejo','2019-07-02 16:40:18'),(169,4.80,5.00,0.20,0.00,'dinheiro','varejo','2019-07-02 16:42:32'),(170,1.00,2.00,1.00,0.00,'dinheiro','varejo','2019-07-02 16:43:08'),(171,1.00,1.00,0.00,0.00,'dinheiro','varejo','2019-07-02 16:43:27'),(172,9.25,10.00,0.75,0.00,'dinheiro','varejo','2019-07-02 17:13:59'),(173,3.75,4.00,0.25,0.00,'dinheiro','varejo','2019-07-02 17:31:44'),(174,15.00,13.95,0.00,1.05,'dinheiro','varejo','2019-07-02 17:49:44'),(175,44.00,43.00,0.00,1.00,'dinheiro','varejo','2019-07-02 17:54:56'),(176,46.50,46.50,0.00,0.00,'cartao','varejo','2019-07-02 18:01:54'),(177,50.50,50.00,0.00,0.50,'dinheiro','varejo','2019-07-02 18:03:13'),(178,24.00,24.00,0.00,0.00,'cartao','varejo','2019-07-02 18:03:39'),(179,5.00,5.00,0.00,0.00,'dinheiro','varejo','2019-07-02 18:04:08'),(180,20.00,20.00,0.00,0.00,'dinheiro','varejo','2019-07-02 18:04:46'),(181,7.00,7.00,0.00,0.00,'dinheiro','varejo','2019-07-02 18:10:10'),(182,21.00,21.00,0.00,0.00,'cartao','varejo','2019-07-02 18:21:14'),(183,10.75,11.00,0.25,0.00,'dinheiro','varejo','2019-07-02 18:53:33'),(184,1.25,1.25,0.00,0.00,'dinheiro','varejo','2019-07-02 18:54:18'),(185,6.00,6.00,0.00,0.00,'dinheiro','varejo','2019-07-02 19:19:01'),(186,7.20,10.00,2.80,0.00,'dinheiro','varejo','2019-07-02 19:21:32'),(187,2.00,2.00,0.00,0.00,'dinheiro','varejo','2019-07-02 19:24:22'),(188,4.00,4.00,0.00,0.00,'dinheiro','varejo','2019-07-02 19:40:05'),(189,2.50,2.50,0.00,0.00,'dinheiro','varejo','2019-07-02 20:29:01'),(190,2.50,2.50,0.00,0.00,'dinheiro','varejo','2019-07-03 16:41:28'),(191,7.65,7.65,0.00,0.00,'dinheiro','varejo','2019-07-03 16:54:01'),(192,3.00,3.00,0.00,0.00,'dinheiro','varejo','2019-07-03 16:54:15'),(193,4.50,4.50,0.00,0.00,'dinheiro','varejo','2019-07-03 16:54:56'),(194,25.00,25.00,0.00,0.00,'cartao','varejo','2019-07-03 17:37:06'),(195,6.00,10.00,4.00,0.00,'dinheiro','varejo','2019-07-03 17:53:56'),(196,1.50,1.50,0.00,0.00,'dinheiro','varejo','2019-07-03 18:18:36'),(197,5.00,5.00,0.00,0.00,'dinheiro','varejo','2019-07-03 18:27:45'),(198,2.00,2.00,0.00,0.00,'dinheiro','varejo','2019-07-03 18:28:39'),(199,12.00,12.00,0.00,0.00,'dinheiro','varejo','2019-07-03 19:12:55'),(200,3.00,10.00,7.00,0.00,'dinheiro','varejo','2019-07-03 19:18:36'),(201,30.00,50.00,20.00,0.00,'dinheiro','varejo','2019-07-04 15:09:21'),(202,3.00,3.00,0.00,0.00,'dinheiro','varejo','2019-07-06 14:35:21'),(203,2.20,2.20,0.00,0.00,'dinheiro','varejo','2019-07-06 14:36:24'),(204,4.00,4.00,0.00,0.00,'dinheiro','varejo','2019-07-06 14:39:04'),(205,3.00,3.00,0.00,0.00,'dinheiro','varejo','2019-07-06 15:05:53'),(206,0.50,0.50,0.00,0.00,'dinheiro','varejo','2019-07-06 15:06:12'),(207,15.00,15.00,0.00,0.00,'dinheiro','varejo','2019-07-06 15:15:42'),(208,25.00,25.00,0.00,0.00,'dinheiro','varejo','2019-07-06 15:31:16'),(209,1.80,1.80,0.00,0.00,'dinheiro','varejo','2019-07-06 15:32:30'),(210,3.00,20.00,17.00,0.00,'dinheiro','varejo','2019-07-06 15:33:49'),(211,1.20,2.00,0.80,0.00,'dinheiro','varejo','2019-07-06 15:43:54'),(212,22.50,22.50,0.00,0.00,'cartao','varejo','2019-07-06 16:18:12'),(213,15.00,50.00,35.00,0.00,'dinheiro','varejo','2019-07-06 16:34:54'),(214,8.00,20.00,12.00,0.00,'dinheiro','varejo','2019-07-06 16:35:52'),(215,3.00,3.00,0.00,0.00,'dinheiro','varejo','2019-07-06 16:45:25'),(216,20.40,50.00,29.60,0.00,'dinheiro','varejo','2019-07-06 18:32:45'),(217,13.25,15.00,1.75,0.00,'dinheiro','varejo','2019-07-06 18:41:24'),(218,24.20,25.00,0.80,0.00,'dinheiro','varejo','2019-07-06 18:44:51'),(219,15.00,20.00,5.00,0.00,'dinheiro','varejo','2019-07-06 19:21:37'),(220,20.00,20.00,0.00,0.00,'cartao','varejo','2019-07-06 19:26:51'),(221,21.00,21.00,0.00,0.00,'dinheiro','varejo','2019-07-06 19:56:22'),(222,4.00,50.00,46.00,0.00,'dinheiro','varejo','2019-07-06 19:57:33'),(223,22.50,22.50,0.00,0.00,'dinheiro','varejo','2019-07-06 20:00:58'),(224,12.00,12.00,0.00,0.00,'dinheiro','varejo','2019-07-06 20:21:54'),(225,1.50,2.00,0.50,0.00,'dinheiro','varejo','2019-07-06 20:22:14'),(226,5.00,5.00,0.00,0.00,'dinheiro','varejo','2019-07-06 20:22:41'),(227,11.30,11.30,0.00,0.00,'dinheiro','varejo','2019-07-07 16:50:14'),(228,18.00,18.00,0.00,0.00,'dinheiro','varejo','2019-07-08 15:16:52'),(229,5.00,5.00,0.00,0.00,'dinheiro','varejo','2019-07-08 15:36:55'),(230,3.00,3.00,0.00,0.00,'dinheiro','varejo','2019-07-08 17:00:50'),(231,15.00,15.00,0.00,0.00,'dinheiro','varejo','2019-07-08 17:01:05'),(232,19.75,19.75,0.00,0.00,'dinheiro','varejo','2019-07-08 17:34:41'),(233,5.50,6.00,0.50,0.00,'dinheiro','varejo','2019-07-08 17:51:21'),(234,7.50,7.50,0.00,0.00,'dinheiro','varejo','2019-07-08 17:56:03'),(235,28.00,50.00,22.00,0.00,'dinheiro','varejo','2019-07-08 18:53:38'),(236,25.50,27.00,1.50,0.00,'dinheiro','varejo','2019-07-08 19:09:50'),(237,1.25,1.25,0.00,0.00,'dinheiro','varejo','2019-07-08 19:48:01'),(238,1.00,1.00,0.00,0.00,'dinheiro','varejo','2019-07-08 19:51:48'),(239,12.00,12.00,0.00,0.00,'dinheiro','varejo','2019-07-08 19:54:31'),(240,5.60,5.60,0.00,0.00,'dinheiro','varejo','2019-07-08 20:33:39'),(241,56.00,60.00,4.00,0.00,'dinheiro','varejo','2019-07-09 15:02:52'),(242,18.00,18.00,0.00,0.00,'dinheiro','varejo','2019-07-09 15:31:24'),(243,13.00,20.00,7.00,0.00,'dinheiro','varejo','2019-07-09 15:32:01'),(244,1.50,20.00,18.50,0.00,'dinheiro','varejo','2019-07-09 15:41:27'),(245,17.50,20.00,2.50,0.00,'dinheiro','varejo','2019-07-09 15:52:06'),(246,20.10,20.10,0.00,0.00,'dinheiro','varejo','2019-07-09 15:54:48'),(247,4.50,5.00,0.50,0.00,'dinheiro','varejo','2019-07-09 15:55:42'),(248,10.00,10.00,0.00,0.00,'dinheiro','varejo','2019-07-09 16:11:22'),(249,16.00,16.00,0.00,0.00,'dinheiro','varejo','2019-07-09 16:25:31'),(250,92.50,95.00,2.50,0.00,'dinheiro','varejo','2019-07-09 16:45:30'),(251,32.00,32.00,0.00,0.00,'cartao','varejo','2019-07-09 16:46:58'),(252,9.00,9.00,0.00,0.00,'dinheiro','varejo','2019-07-09 17:07:13'),(253,10.00,10.00,0.00,0.00,'dinheiro','varejo','2019-07-09 17:12:19'),(254,12.00,12.00,0.00,0.00,'dinheiro','varejo','2019-07-09 17:12:35'),(255,12.00,12.00,0.00,0.00,'dinheiro','varejo','2019-07-09 17:26:32'),(256,4.90,20.00,15.10,0.00,'dinheiro','varejo','2019-07-09 17:35:43'),(257,8.00,10.00,2.00,0.00,'dinheiro','varejo','2019-07-09 17:57:55'),(258,18.20,20.00,1.80,0.00,'dinheiro','varejo','2019-07-09 18:11:01'),(259,5.30,5.30,0.00,0.00,'dinheiro','varejo','2019-07-09 18:19:24'),(260,4.00,4.00,0.00,0.00,'dinheiro','varejo','2019-07-09 18:19:36'),(261,33.00,33.00,0.00,0.00,'dinheiro','varejo','2019-07-09 18:41:11'),(262,18.50,18.50,0.00,0.00,'dinheiro','varejo','2019-07-09 19:20:57'),(263,26.50,26.50,0.00,0.00,'cartao','varejo','2019-07-09 19:58:04'),(264,70.00,70.00,0.00,0.00,'dinheiro','varejo','2019-07-10 16:06:43'),(265,3.60,5.00,1.40,0.00,'dinheiro','varejo','2019-07-10 18:18:10'),(266,3.00,3.00,0.00,0.00,'dinheiro','varejo','2019-07-10 18:53:57'),(267,10.00,10.00,0.00,0.00,'dinheiro','varejo','2019-07-10 18:54:41'),(268,0.60,0.60,0.00,0.00,'dinheiro','varejo','2019-07-10 18:55:04'),(269,1.50,1.50,0.00,0.00,'dinheiro','varejo','2019-07-10 18:55:30'),(270,6.00,0.60,0.00,5.40,'dinheiro','varejo','2019-07-10 19:08:56'),(271,2.00,2.00,0.00,0.00,'dinheiro','varejo','2019-07-10 19:09:22'),(272,95.00,95.00,0.00,0.00,'dinheiro','varejo','2019-07-10 19:51:09'),(273,6.20,20.00,13.80,0.00,'dinheiro','varejo','2019-07-10 19:55:13'),(274,8.00,8.00,0.00,0.00,'dinheiro','varejo','2019-07-10 19:55:50'),(275,3.70,10.00,6.30,0.00,'dinheiro','varejo','2019-07-11 15:32:28'),(276,6.00,6.00,0.00,0.00,'dinheiro','varejo','2019-07-11 17:27:21'),(277,6.50,20.00,13.50,0.00,'dinheiro','varejo','2019-07-11 17:35:05'),(278,15.00,15.00,0.00,0.00,'dinheiro','varejo','2019-07-11 18:06:53'),(279,20.80,20.80,0.00,0.00,'cartao','varejo','2019-07-11 18:35:03'),(280,3.00,3.00,0.00,0.00,'dinheiro','varejo','2019-07-11 18:35:43'),(281,9.00,9.00,0.00,0.00,'dinheiro','varejo','2019-07-11 18:36:23'),(282,4.00,10.00,6.00,0.00,'dinheiro','varejo','2019-07-11 19:04:20'),(283,9.00,50.00,41.00,0.00,'dinheiro','varejo','2019-07-11 19:05:55'),(284,3.00,5.00,2.00,0.00,'dinheiro','varejo','2019-07-11 19:29:49'),(285,6.95,7.00,0.05,0.00,'dinheiro','varejo','2019-07-11 19:30:53'),(286,15.00,15.00,0.00,0.00,'dinheiro','varejo','2019-07-12 15:59:47'),(287,26.25,51.00,24.75,0.00,'dinheiro','varejo','2019-07-12 16:41:41'),(288,23.90,50.00,26.10,0.00,'dinheiro','varejo','2019-07-12 17:03:33'),(289,7.00,7.00,0.00,0.00,'dinheiro','varejo','2019-07-12 17:07:13'),(290,13.00,13.00,0.00,0.00,'dinheiro','varejo','2019-07-12 17:27:16'),(291,3.00,3.00,0.00,0.00,'dinheiro','varejo','2019-07-12 17:28:35'),(292,3.50,4.00,0.50,0.00,'dinheiro','varejo','2019-07-12 17:36:27'),(293,3.00,3.00,0.00,0.00,'dinheiro','varejo','2019-07-12 17:37:21'),(294,4.50,3.00,0.00,1.50,'dinheiro','varejo','2019-07-12 18:06:11'),(295,1.50,1.50,0.00,0.00,'dinheiro','varejo','2019-07-12 18:20:34'),(296,5.80,5.80,0.00,0.00,'dinheiro','varejo','2019-07-12 18:31:05'),(297,33.50,33.50,0.00,0.00,'cartao','varejo','2019-07-12 19:26:09'),(298,1.00,1.00,0.00,0.00,'dinheiro','varejo','2019-07-12 19:26:23'),(299,6.40,10.00,3.60,0.00,'dinheiro','varejo','2019-07-12 19:33:41'),(300,31.10,31.10,0.00,0.00,'dinheiro','varejo','2019-07-13 14:28:17'),(301,21.50,21.59,0.09,0.00,'cartao','varejo','2019-07-13 14:31:53'),(302,10.40,10.40,0.00,0.00,'dinheiro','varejo','2019-07-13 14:35:29'),(303,2.00,2.00,0.00,0.00,'dinheiro','varejo','2019-07-13 14:45:22'),(304,0.50,0.50,0.00,0.00,'dinheiro','varejo','2019-07-13 15:01:37'),(305,2.40,2.40,0.00,0.00,'dinheiro','varejo','2019-07-13 15:14:40'),(306,5.75,7.00,1.25,0.00,'dinheiro','varejo','2019-07-13 15:17:03'),(307,5.25,50.25,45.00,0.00,'dinheiro','varejo','2019-07-13 15:19:26'),(308,69.60,100.00,30.40,0.00,'dinheiro','varejo','2019-07-13 15:28:33'),(309,5.50,5.50,0.00,0.00,'dinheiro','varejo','2019-07-13 15:38:43'),(310,3.00,3.00,0.00,0.00,'dinheiro','varejo','2019-07-13 15:41:00'),(311,1.50,1.50,0.00,0.00,'dinheiro','varejo','2019-07-13 15:41:58'),(312,70.00,7.00,0.00,63.00,'dinheiro','varejo','2019-07-13 16:37:22'),(313,52.50,70.00,17.50,0.00,'dinheiro','varejo','2019-07-13 16:39:46'),(314,1.50,2.00,0.50,0.00,'dinheiro','varejo','2019-07-13 16:39:58'),(315,3.80,5.00,1.20,0.00,'dinheiro','varejo','2019-07-13 16:51:02'),(316,9.75,10.00,0.25,0.00,'dinheiro','varejo','2019-07-13 16:54:23'),(317,1.80,2.00,0.20,0.00,'dinheiro','varejo','2019-07-13 16:58:31'),(318,3.00,3.00,0.00,0.00,'dinheiro','varejo','2019-07-13 16:59:04'),(319,46.50,50.00,3.50,0.00,'dinheiro','varejo','2019-07-13 17:02:12'),(320,27.50,27.50,0.00,0.00,'dinheiro','varejo','2019-07-13 17:23:28'),(321,3.60,4.00,0.40,0.00,'dinheiro','varejo','2019-07-13 17:24:02'),(322,4.00,5.00,1.00,0.00,'dinheiro','varejo','2019-07-13 17:24:37'),(323,2.50,2.50,0.00,0.00,'dinheiro','varejo','2019-07-13 17:30:03'),(324,3.50,3.50,0.00,0.00,'dinheiro','varejo','2019-07-13 17:35:49'),(325,63.50,63.50,0.00,0.00,'cartao','varejo','2019-07-13 17:40:27'),(326,50.90,50.00,0.00,0.90,'dinheiro','varejo','2019-07-13 18:00:36'),(327,2.00,2.00,0.00,0.00,'dinheiro','varejo','2019-07-13 18:21:43'),(328,3.00,10.00,7.00,0.00,'dinheiro','varejo','2019-07-13 18:26:00'),(329,16.25,20.00,3.75,0.00,'dinheiro','varejo','2019-07-13 18:30:45'),(330,1.50,1.50,0.00,0.00,'dinheiro','varejo','2019-07-13 18:31:24'),(331,1.50,2.00,0.50,0.00,'dinheiro','varejo','2019-07-13 18:38:45'),(332,3.00,3.00,0.00,0.00,'cartao','varejo','2019-07-13 18:44:56'),(333,1.00,1.00,0.00,0.00,'cartao','varejo','2019-07-13 18:45:52'),(334,3.00,5.00,2.00,0.00,'dinheiro','varejo','2019-07-13 19:30:56'),(335,4.80,5.00,0.20,0.00,'dinheiro','varejo','2019-07-13 19:33:46'),(336,5.00,5.00,0.00,0.00,'dinheiro','varejo','2019-07-13 19:37:42'),(337,3.00,3.00,0.00,0.00,'dinheiro','varejo','2019-07-13 19:40:19'),(338,4.90,5.00,0.10,0.00,'dinheiro','varejo','2019-07-13 19:51:24'),(339,4.50,4.50,0.00,0.00,'dinheiro','varejo','2019-07-13 19:51:49');
/*!40000 ALTER TABLE `transacao` ENABLE KEYS */;
UNLOCK TABLES;

--
-- Table structure for table `vendas`
--

DROP TABLE IF EXISTS `vendas`;
/*!40101 SET @saved_cs_client     = @@character_set_client */;
 SET character_set_client = utf8mb4 ;
CREATE TABLE `vendas` (
  `id_vendas` int(11) NOT NULL AUTO_INCREMENT,
  `id_transacao` int(11) NOT NULL,
  `id_produto` int(11) NOT NULL,
  `valor` decimal(6,2) NOT NULL,
  `quantidade` int(11) NOT NULL,
  `timestamp` timestamp NULL DEFAULT CURRENT_TIMESTAMP,
  PRIMARY KEY (`id_vendas`)
) ENGINE=InnoDB AUTO_INCREMENT=808 DEFAULT CHARSET=latin1;
/*!40101 SET character_set_client = @saved_cs_client */;

--
-- Dumping data for table `vendas`
--

LOCK TABLES `vendas` WRITE;
/*!40000 ALTER TABLE `vendas` DISABLE KEYS */;
INSERT INTO `vendas` VALUES (1,1,11,7.50,1,'2019-06-26 15:20:45'),(2,1,28,0.60,5,'2019-06-26 15:20:45'),(3,1,14,5.00,1,'2019-06-26 15:20:45'),(4,2,1,1.50,1,'2019-06-26 15:25:42'),(5,3,1,1.50,2,'2019-06-26 19:24:22'),(6,4,46,0.50,7,'2019-06-26 19:25:08'),(7,5,3,3.00,1,'2019-06-26 19:26:37'),(8,6,28,0.60,4,'2019-06-26 19:27:57'),(9,6,36,1.50,1,'2019-06-26 19:27:57'),(10,6,14,5.00,1,'2019-06-26 19:27:57'),(11,6,46,0.50,1,'2019-06-26 19:27:57'),(12,7,4,2.50,2,'2019-06-26 19:28:45'),(13,8,4,2.50,1,'2019-06-26 19:29:16'),(14,9,3,3.00,1,'2019-06-26 19:30:15'),(15,9,4,2.50,1,'2019-06-26 19:30:15'),(16,10,5,15.00,1,'2019-06-26 19:31:04'),(17,11,47,1.00,1,'2019-06-26 19:33:13'),(18,11,33,1.00,2,'2019-06-26 19:33:13'),(19,11,27,0.50,10,'2019-06-26 19:33:13'),(20,11,44,1.00,3,'2019-06-26 19:33:13'),(21,11,44,1.00,1,'2019-06-26 19:33:13'),(22,12,46,0.50,1,'2019-06-26 19:33:47'),(23,13,28,0.60,1,'2019-06-26 19:34:36'),(24,14,1,1.50,4,'2019-06-26 19:54:01'),(25,15,27,0.50,1,'2019-06-26 20:09:00'),(26,16,9,5.50,1,'2019-06-27 15:18:53'),(27,17,5,15.00,1,'2019-06-27 15:52:11'),(28,17,5,15.00,1,'2019-06-27 15:52:11'),(29,18,35,1.50,20,'2019-06-27 16:57:31'),(30,19,53,1.00,2,'2019-06-27 16:58:38'),(31,20,3,3.00,2,'2019-06-27 17:03:21'),(32,20,2,2.25,1,'2019-06-27 17:03:21'),(33,21,51,1.00,1,'2019-06-27 17:30:38'),(34,22,18,50.00,1,'2019-06-27 17:33:44'),(35,23,27,0.50,25,'2019-06-27 17:34:30'),(36,23,46,0.50,2,'2019-06-27 17:34:30'),(37,24,27,0.50,25,'2019-06-27 17:34:30'),(38,24,46,0.50,2,'2019-06-27 17:34:30'),(39,25,33,1.00,2,'2019-06-27 17:49:48'),(40,25,27,0.40,25,'2019-06-27 17:49:48'),(41,25,46,0.50,2,'2019-06-27 17:49:48'),(42,26,27,0.40,25,'2019-06-27 18:07:42'),(43,26,51,1.00,3,'2019-06-27 18:07:42'),(44,26,51,1.00,7,'2019-06-27 18:07:42'),(45,27,5,15.00,1,'2019-06-27 18:16:34'),(46,28,39,3.00,1,'2019-06-27 18:18:44'),(47,28,52,2.00,1,'2019-06-27 18:18:44'),(48,28,15,10.00,1,'2019-06-27 18:18:44'),(49,28,13,4.00,1,'2019-06-27 18:18:44'),(50,29,3,3.00,3,'2019-06-27 18:19:51'),(51,30,4,2.50,2,'2019-06-27 18:26:36'),(52,31,14,5.00,1,'2019-06-27 18:32:47'),(53,31,27,0.50,1,'2019-06-27 18:32:47'),(54,32,5,15.00,1,'2019-06-27 20:26:47'),(55,33,14,5.00,1,'2019-06-28 15:16:08'),(56,33,13,4.00,1,'2019-06-28 15:16:08'),(57,33,36,1.50,1,'2019-06-28 15:16:08'),(58,33,27,0.50,3,'2019-06-28 15:16:08'),(59,34,13,4.00,1,'2019-06-28 15:17:19'),(60,34,15,10.00,1,'2019-06-28 15:17:19'),(61,34,52,2.00,2,'2019-06-28 15:17:19'),(62,35,46,0.50,1,'2019-06-28 15:17:39'),(63,36,27,0.50,1,'2019-06-28 15:44:20'),(64,37,32,2.00,2,'2019-06-28 15:45:05'),(65,37,13,4.00,1,'2019-06-28 15:45:05'),(66,38,3,3.00,1,'2019-06-28 16:59:53'),(67,38,3,3.00,1,'2019-06-28 16:59:53'),(68,38,1,1.50,1,'2019-06-28 16:59:53'),(69,39,46,0.50,4,'2019-06-28 17:25:56'),(70,39,36,1.50,1,'2019-06-28 17:25:56'),(71,39,34,1.20,1,'2019-06-28 17:25:56'),(72,40,3,3.00,1,'2019-06-28 17:31:06'),(73,40,1,1.50,2,'2019-06-28 17:31:06'),(74,41,3,3.00,1,'2019-06-28 18:27:04'),(75,42,16,15.00,1,'2019-06-28 18:32:45'),(76,42,11,7.50,1,'2019-06-28 18:32:45'),(77,42,32,2.00,3,'2019-06-28 18:32:45'),(78,43,1,1.50,1,'2019-06-28 18:35:24'),(79,44,13,4.00,1,'2019-06-28 19:09:19'),(80,44,14,5.00,1,'2019-06-28 19:09:19'),(81,44,39,3.00,1,'2019-06-28 19:09:19'),(82,44,30,1.25,1,'2019-06-28 19:09:19'),(83,45,1,1.50,1,'2019-06-28 19:09:56'),(84,46,27,0.50,1,'2019-06-28 19:10:20'),(85,47,1,1.50,2,'2019-06-28 19:23:58'),(86,48,3,3.00,1,'2019-06-28 19:32:31'),(87,48,1,1.50,1,'2019-06-28 19:32:31'),(88,49,3,3.00,1,'2019-06-28 19:49:56'),(89,49,1,1.50,1,'2019-06-28 19:49:56'),(90,49,3,3.00,1,'2019-06-28 19:49:56'),(91,49,63,1.00,1,'2019-06-28 19:49:56'),(92,49,63,1.00,1,'2019-06-28 19:49:56'),(93,50,27,0.50,10,'2019-06-28 20:21:49'),(94,51,38,1.80,1,'2019-06-29 13:22:43'),(95,51,44,1.00,1,'2019-06-29 13:22:43'),(96,51,52,2.00,2,'2019-06-29 13:22:43'),(97,51,13,4.00,1,'2019-06-29 13:22:43'),(98,52,44,1.00,6,'2019-06-29 13:29:39'),(99,52,27,0.40,25,'2019-06-29 13:29:39'),(100,53,1,1.50,1,'2019-06-29 13:33:46'),(101,54,35,1.50,2,'2019-06-29 14:30:08'),(102,54,36,1.50,2,'2019-06-29 14:30:08'),(103,54,46,0.50,2,'2019-06-29 14:30:08'),(104,54,44,1.00,1,'2019-06-29 14:30:08'),(105,54,28,0.60,1,'2019-06-29 14:30:08'),(106,54,35,1.50,2,'2019-06-29 14:30:08'),(107,55,27,0.50,4,'2019-06-29 15:06:42'),(108,55,46,0.50,1,'2019-06-29 15:06:42'),(109,56,6,1.00,3,'2019-06-29 15:08:34'),(110,56,27,0.50,1,'2019-06-29 15:08:34'),(111,57,3,3.00,3,'2019-06-29 16:12:55'),(112,58,42,15.00,1,'2019-06-29 16:17:46'),(113,59,14,5.00,1,'2019-06-29 16:26:37'),(114,60,62,25.00,2,'2019-06-29 16:42:07'),(115,61,28,0.54,25,'2019-06-29 16:50:47'),(116,62,47,1.00,1,'2019-06-29 16:51:39'),(117,62,28,0.60,2,'2019-06-29 16:51:39'),(118,63,39,3.00,2,'2019-06-29 16:53:01'),(119,64,35,1.50,20,'2019-06-29 16:55:03'),(120,64,3,3.00,1,'2019-06-29 16:55:03'),(121,65,22,4.00,2,'2019-06-29 16:59:24'),(122,65,11,7.50,2,'2019-06-29 16:59:24'),(123,65,36,1.50,1,'2019-06-29 16:59:24'),(124,65,18,50.00,1,'2019-06-29 16:59:24'),(125,65,48,8.00,1,'2019-06-29 16:59:24'),(126,65,33,1.00,5,'2019-06-29 16:59:24'),(127,65,34,1.20,3,'2019-06-29 16:59:24'),(128,65,38,1.80,3,'2019-06-29 16:59:24'),(129,65,32,2.00,3,'2019-06-29 16:59:24'),(130,65,44,1.00,10,'2019-06-29 16:59:24'),(131,65,46,0.50,5,'2019-06-29 16:59:24'),(132,66,24,10.00,1,'2019-06-29 17:02:46'),(133,66,12,12.00,1,'2019-06-29 17:02:46'),(134,67,14,5.00,1,'2019-06-29 17:03:21'),(135,68,29,1.00,1,'2019-06-29 17:06:23'),(136,68,27,0.50,1,'2019-06-29 17:06:23'),(137,69,36,1.50,1,'2019-06-29 17:07:11'),(138,69,27,0.50,3,'2019-06-29 17:07:11'),(139,69,44,1.00,2,'2019-06-29 17:07:11'),(140,69,27,0.50,1,'2019-06-29 17:07:11'),(141,70,29,1.00,1,'2019-06-29 17:11:45'),(142,71,1,1.50,1,'2019-06-29 17:22:08'),(143,72,18,50.00,7,'2019-06-29 17:26:05'),(144,73,5,15.00,2,'2019-06-29 17:27:57'),(145,74,35,1.50,2,'2019-06-29 17:28:47'),(146,75,5,15.00,2,'2019-06-29 17:32:04'),(147,75,63,1.00,1,'2019-06-29 17:32:04'),(148,76,5,15.00,13,'2019-06-29 17:42:30'),(149,76,33,1.00,25,'2019-06-29 17:42:30'),(150,76,34,1.20,25,'2019-06-29 17:42:30'),(151,76,7,1.50,12,'2019-06-29 17:42:30'),(152,76,6,1.00,12,'2019-06-29 17:42:30'),(153,76,14,5.00,12,'2019-06-29 17:42:30'),(154,76,15,10.00,12,'2019-06-29 17:42:30'),(155,76,27,0.40,50,'2019-06-29 17:42:30'),(156,76,28,0.54,50,'2019-06-29 17:42:30'),(157,76,43,0.15,500,'2019-06-29 17:42:30'),(158,76,31,1.50,25,'2019-06-29 17:42:30'),(159,77,52,2.00,1,'2019-06-29 17:42:56'),(160,78,52,2.00,1,'2019-06-29 18:05:11'),(161,78,28,0.60,4,'2019-06-29 18:05:11'),(162,78,34,1.20,1,'2019-06-29 18:05:11'),(163,78,35,1.50,1,'2019-06-29 18:05:11'),(164,78,44,1.00,2,'2019-06-29 18:05:11'),(165,78,14,5.00,1,'2019-06-29 18:05:11'),(166,79,5,15.00,1,'2019-06-29 18:11:57'),(167,80,11,7.50,1,'2019-06-29 18:15:02'),(168,80,22,4.00,1,'2019-06-29 18:15:02'),(169,80,17,25.00,1,'2019-06-29 18:15:02'),(170,80,29,1.00,5,'2019-06-29 18:15:02'),(171,80,39,3.00,1,'2019-06-29 18:15:02'),(172,80,44,1.00,2,'2019-06-29 18:15:02'),(173,81,12,12.00,1,'2019-06-29 18:18:18'),(174,81,14,5.00,1,'2019-06-29 18:18:18'),(175,81,25,30.00,1,'2019-06-29 18:18:18'),(176,82,51,1.00,2,'2019-06-29 18:20:59'),(177,83,17,25.00,1,'2019-06-29 18:25:02'),(178,83,32,2.00,3,'2019-06-29 18:25:02'),(179,84,14,5.00,1,'2019-06-29 18:26:51'),(180,84,51,1.00,4,'2019-06-29 18:26:51'),(181,84,44,1.00,1,'2019-06-29 18:26:51'),(182,85,3,3.00,1,'2019-06-29 18:29:49'),(183,86,5,15.00,1,'2019-06-29 18:52:28'),(184,86,3,3.00,1,'2019-06-29 18:52:28'),(185,87,5,15.00,1,'2019-06-29 18:53:30'),(186,87,1,1.50,1,'2019-06-29 18:53:30'),(187,88,8,2.50,1,'2019-06-29 19:19:09'),(188,89,32,2.00,2,'2019-06-29 20:03:48'),(189,90,5,15.00,1,'2019-06-29 20:17:30'),(190,91,44,1.00,1,'2019-06-29 20:29:08'),(191,91,36,1.50,1,'2019-06-29 20:29:08'),(192,92,13,4.00,1,'2019-06-29 20:30:31'),(193,92,38,1.80,1,'2019-06-29 20:30:31'),(194,93,44,1.00,1,'2019-06-29 20:31:15'),(195,93,4,2.50,2,'2019-06-29 20:31:15'),(196,94,19,2.00,2,'2019-06-30 13:02:18'),(197,94,10,6.50,2,'2019-06-30 13:02:18'),(198,94,11,7.50,2,'2019-06-30 13:02:18'),(199,94,23,8.00,1,'2019-06-30 13:02:18'),(200,94,16,15.00,2,'2019-06-30 13:02:18'),(201,94,37,2.00,2,'2019-06-30 13:02:18'),(202,94,46,0.50,2,'2019-06-30 13:02:18'),(203,94,44,1.00,2,'2019-06-30 13:02:18'),(204,95,44,1.00,1,'2019-06-30 13:11:03'),(205,95,33,1.00,2,'2019-06-30 13:11:03'),(206,95,31,1.50,3,'2019-06-30 13:11:03'),(207,95,38,1.80,1,'2019-06-30 13:11:03'),(208,96,28,0.60,1,'2019-06-30 13:15:38'),(209,97,24,10.00,1,'2019-06-30 14:02:23'),(210,97,50,6.50,1,'2019-06-30 14:02:23'),(211,98,13,4.00,1,'2019-06-30 14:04:48'),(212,98,33,1.00,2,'2019-06-30 14:04:48'),(213,98,33,1.00,2,'2019-06-30 14:04:48'),(214,98,44,1.00,2,'2019-06-30 14:04:48'),(215,98,33,1.00,2,'2019-06-30 14:04:48'),(216,99,65,6.00,1,'2019-06-30 15:28:19'),(217,100,27,0.40,25,'2019-06-30 15:43:46'),(218,101,1,1.50,3,'2019-06-30 15:44:55'),(219,102,33,1.00,1,'2019-06-30 15:46:34'),(220,102,43,0.20,3,'2019-06-30 15:46:34'),(221,103,39,3.00,2,'2019-06-30 15:53:51'),(222,103,14,5.00,1,'2019-06-30 15:53:51'),(223,103,22,4.00,1,'2019-06-30 15:53:51'),(224,103,11,7.50,1,'2019-06-30 15:53:51'),(225,104,7,1.50,1,'2019-06-30 16:04:18'),(226,104,27,0.50,9,'2019-06-30 16:04:18'),(239,108,27,0.40,25,'2019-06-30 16:53:31'),(240,108,14,5.00,1,'2019-06-30 16:53:31'),(241,108,46,0.50,1,'2019-06-30 16:53:31'),(242,109,49,1.00,4,'2019-06-30 16:58:35'),(243,109,64,20.00,1,'2019-06-30 16:58:35'),(244,109,15,10.00,1,'2019-06-30 16:58:35'),(245,109,52,2.00,1,'2019-06-30 16:58:35'),(246,110,6,1.00,3,'2019-06-30 17:06:06'),(247,110,30,1.25,3,'2019-06-30 17:06:06'),(248,110,5,15.00,1,'2019-06-30 17:06:06'),(249,110,52,2.00,1,'2019-06-30 17:06:06'),(250,110,28,0.60,3,'2019-06-30 17:06:06'),(251,111,3,3.00,1,'2019-06-30 17:10:52'),(252,111,30,1.25,3,'2019-06-30 17:10:52'),(253,111,6,1.00,3,'2019-06-30 17:10:52'),(254,111,51,1.00,1,'2019-06-30 17:10:52'),(255,111,1,1.50,2,'2019-06-30 17:10:52'),(256,111,44,1.00,2,'2019-06-30 17:10:52'),(257,111,27,0.50,10,'2019-06-30 17:10:52'),(258,111,12,12.00,1,'2019-06-30 17:10:52'),(259,111,14,5.00,1,'2019-06-30 17:10:52'),(260,111,33,1.00,2,'2019-06-30 17:10:52'),(261,112,4,2.50,1,'2019-06-30 17:14:01'),(262,113,51,1.00,6,'2019-06-30 17:22:43'),(263,113,38,1.80,1,'2019-06-30 17:22:43'),(264,113,29,1.00,1,'2019-06-30 17:22:43'),(265,114,2,2.25,2,'2019-06-30 17:23:33'),(266,114,5,15.00,1,'2019-06-30 17:23:33'),(267,115,51,1.00,2,'2019-06-30 17:25:25'),(268,116,34,1.20,2,'2019-06-30 17:26:37'),(269,116,46,0.50,1,'2019-06-30 17:26:37'),(270,117,3,3.00,3,'2019-06-30 17:37:06'),(271,118,16,15.00,1,'2019-06-30 17:43:05'),(272,118,33,1.00,4,'2019-06-30 17:43:05'),(273,118,44,1.00,2,'2019-06-30 17:43:05'),(274,118,44,1.00,1,'2019-06-30 17:43:05'),(275,118,7,1.50,1,'2019-06-30 17:43:05'),(276,119,3,3.00,3,'2019-06-30 17:53:48'),(277,120,28,0.60,1,'2019-06-30 17:56:53'),(278,121,13,4.00,2,'2019-06-30 18:25:23'),(279,121,44,1.00,2,'2019-06-30 18:25:23'),(280,121,34,1.20,2,'2019-06-30 18:25:23'),(281,122,46,0.50,2,'2019-06-30 18:34:14'),(282,122,11,7.50,2,'2019-06-30 18:34:14'),(283,122,27,0.50,6,'2019-06-30 18:34:14'),(284,122,53,1.00,2,'2019-06-30 18:34:14'),(285,123,14,5.00,1,'2019-06-30 18:34:43'),(286,124,43,0.20,1,'2019-06-30 18:43:57'),(287,125,8,2.50,1,'2019-06-30 18:49:25'),(288,126,5,15.00,1,'2019-06-30 18:52:58'),(289,126,53,1.00,2,'2019-06-30 18:52:58'),(290,127,14,5.00,1,'2019-06-30 18:55:04'),(291,127,27,0.50,4,'2019-06-30 18:55:04'),(292,127,49,1.00,1,'2019-06-30 18:55:04'),(293,128,5,15.00,1,'2019-06-30 18:56:04'),(294,129,3,3.00,1,'2019-06-30 19:03:04'),(295,130,14,5.00,1,'2019-06-30 19:04:32'),(296,130,46,0.50,1,'2019-06-30 19:04:32'),(297,130,27,0.50,3,'2019-06-30 19:04:32'),(298,131,5,15.00,1,'2019-06-30 19:05:12'),(299,131,3,3.00,1,'2019-06-30 19:05:12'),(300,132,3,3.00,2,'2019-06-30 19:11:07'),(301,133,2,2.25,1,'2019-06-30 19:13:49'),(302,134,39,3.00,1,'2019-06-30 19:20:43'),(303,134,52,2.00,1,'2019-06-30 19:20:43'),(304,134,22,4.00,1,'2019-06-30 19:20:43'),(305,134,9,5.50,1,'2019-06-30 19:20:43'),(306,134,14,5.00,1,'2019-06-30 19:20:43'),(307,135,43,0.20,3,'2019-06-30 19:21:45'),(308,136,39,3.00,1,'2019-07-01 14:57:13'),(309,137,32,2.00,6,'2019-07-01 14:58:47'),(310,137,28,0.54,25,'2019-07-01 14:58:47'),(311,137,46,0.50,1,'2019-07-01 14:58:47'),(312,138,27,0.50,1,'2019-07-01 15:03:32'),(313,138,44,1.00,1,'2019-07-01 15:03:32'),(314,139,9,5.50,1,'2019-07-01 15:21:11'),(315,139,30,1.25,1,'2019-07-01 15:21:11'),(316,139,13,4.00,1,'2019-07-01 15:21:11'),(317,139,53,1.00,1,'2019-07-01 15:21:11'),(318,139,53,1.00,1,'2019-07-01 15:21:11'),(319,139,30,1.25,2,'2019-07-01 15:21:11'),(320,139,27,0.50,1,'2019-07-01 15:21:11'),(321,139,4,2.50,2,'2019-07-01 15:21:11'),(322,139,3,3.00,1,'2019-07-01 15:21:11'),(323,140,1,1.50,1,'2019-07-01 15:23:45'),(324,141,18,50.00,1,'2019-07-01 16:18:58'),(325,141,27,0.50,14,'2019-07-01 16:18:58'),(326,142,1,1.50,1,'2019-07-01 16:44:10'),(327,143,4,2.50,2,'2019-07-01 16:48:38'),(328,144,27,0.50,1,'2019-07-01 16:58:27'),(329,145,1,1.50,1,'2019-07-01 17:20:12'),(330,146,15,10.00,1,'2019-07-01 17:27:33'),(331,146,64,20.00,1,'2019-07-01 17:27:33'),(332,147,37,2.00,1,'2019-07-01 17:27:54'),(333,148,3,3.00,1,'2019-07-01 17:59:50'),(334,148,1,1.50,1,'2019-07-01 17:59:50'),(335,148,1,1.50,1,'2019-07-01 17:59:50'),(336,148,39,3.00,1,'2019-07-01 17:59:50'),(337,148,13,4.00,1,'2019-07-01 17:59:50'),(338,149,13,4.00,1,'2019-07-01 18:03:14'),(339,149,14,5.00,2,'2019-07-01 18:03:14'),(340,149,52,2.00,2,'2019-07-01 18:03:14'),(341,149,31,1.50,1,'2019-07-01 18:03:14'),(342,149,1,1.50,1,'2019-07-01 18:03:14'),(343,150,30,1.25,12,'2019-07-01 18:21:38'),(344,151,30,1.25,1,'2019-07-01 18:21:53'),(345,152,1,1.50,10,'2019-07-01 18:39:58'),(346,153,14,5.00,2,'2019-07-01 18:40:36'),(347,153,27,0.50,16,'2019-07-01 18:40:36'),(348,154,1,1.50,2,'2019-07-01 18:53:01'),(349,155,3,3.00,2,'2019-07-01 19:00:35'),(350,155,1,1.50,1,'2019-07-01 19:00:35'),(351,155,63,1.00,1,'2019-07-01 19:00:35'),(352,156,5,15.00,1,'2019-07-01 19:18:03'),(353,157,16,15.00,1,'2019-07-01 19:20:29'),(354,158,37,2.00,2,'2019-07-01 19:27:33'),(355,158,38,1.80,2,'2019-07-01 19:27:33'),(356,158,31,1.50,1,'2019-07-01 19:27:33'),(357,158,13,4.00,1,'2019-07-01 19:27:33'),(358,158,44,1.00,3,'2019-07-01 19:27:33'),(359,159,27,0.50,6,'2019-07-01 19:33:01'),(360,159,44,1.00,2,'2019-07-01 19:33:01'),(361,159,14,5.00,1,'2019-07-01 19:33:01'),(362,159,8,2.50,1,'2019-07-01 19:33:01'),(363,160,3,3.00,3,'2019-07-02 14:48:13'),(364,161,28,0.60,6,'2019-07-02 15:16:17'),(365,161,36,1.50,2,'2019-07-02 15:16:17'),(366,161,38,1.80,1,'2019-07-02 15:16:17'),(367,161,31,1.50,2,'2019-07-02 15:16:17'),(368,161,46,0.50,2,'2019-07-02 15:16:17'),(369,161,46,0.50,1,'2019-07-02 15:16:17'),(370,162,14,5.00,1,'2019-07-02 15:16:46'),(371,163,51,1.00,2,'2019-07-02 15:18:24'),(372,163,50,6.50,1,'2019-07-02 15:18:24'),(373,163,20,2.50,1,'2019-07-02 15:18:24'),(374,163,44,1.00,1,'2019-07-02 15:18:24'),(375,163,27,0.50,4,'2019-07-02 15:18:24'),(376,164,33,1.00,5,'2019-07-02 15:24:16'),(377,165,51,1.00,5,'2019-07-02 16:01:37'),(378,166,63,1.00,2,'2019-07-02 16:33:19'),(379,167,11,7.50,1,'2019-07-02 16:39:50'),(380,168,15,10.00,1,'2019-07-02 16:40:19'),(381,169,28,0.60,8,'2019-07-02 16:42:33'),(382,170,46,0.50,2,'2019-07-02 16:43:08'),(383,171,29,1.00,1,'2019-07-02 16:43:27'),(384,172,9,5.50,1,'2019-07-02 17:13:59'),(385,172,30,1.25,3,'2019-07-02 17:13:59'),(386,173,1,1.50,1,'2019-07-02 17:31:44'),(387,173,2,2.25,1,'2019-07-02 17:31:44'),(388,174,5,15.00,1,'2019-07-02 17:49:44'),(389,175,44,1.00,3,'2019-07-02 17:54:56'),(390,175,16,15.00,1,'2019-07-02 17:54:56'),(391,175,21,5.00,1,'2019-07-02 17:54:56'),(392,175,11,7.50,2,'2019-07-02 17:54:56'),(393,175,67,3.00,2,'2019-07-02 17:54:56'),(394,176,44,1.00,3,'2019-07-02 18:01:54'),(395,176,34,1.20,3,'2019-07-02 18:01:54'),(396,176,30,1.25,2,'2019-07-02 18:01:54'),(397,176,34,1.20,2,'2019-07-02 18:01:54'),(398,176,17,25.00,1,'2019-07-02 18:01:54'),(399,176,51,1.00,1,'2019-07-02 18:01:54'),(400,176,21,5.00,1,'2019-07-02 18:01:54'),(401,176,36,1.50,2,'2019-07-02 18:01:54'),(402,176,47,1.00,1,'2019-07-02 18:01:54'),(403,177,17,25.00,1,'2019-07-02 18:03:13'),(404,177,68,3.50,4,'2019-07-02 18:03:13'),(405,177,11,7.50,1,'2019-07-02 18:03:13'),(406,177,22,4.00,1,'2019-07-02 18:03:13'),(407,178,66,6.00,4,'2019-07-02 18:03:39'),(408,179,14,5.00,1,'2019-07-02 18:04:08'),(409,180,15,10.00,2,'2019-07-02 18:04:46'),(410,181,56,3.50,1,'2019-07-02 18:10:10'),(411,181,56,3.50,1,'2019-07-02 18:10:10'),(412,182,5,15.00,1,'2019-07-02 18:21:14'),(413,182,1,1.50,2,'2019-07-02 18:21:14'),(414,182,3,3.00,1,'2019-07-02 18:21:14'),(415,183,14,5.00,1,'2019-07-02 18:53:34'),(416,183,30,1.25,1,'2019-07-02 18:53:34'),(417,183,1,1.50,3,'2019-07-02 18:53:34'),(418,184,30,1.25,1,'2019-07-02 18:54:18'),(419,185,14,5.00,1,'2019-07-02 19:19:01'),(420,185,27,0.50,2,'2019-07-02 19:19:01'),(421,186,28,0.60,7,'2019-07-02 19:21:32'),(422,186,44,1.00,3,'2019-07-02 19:21:32'),(423,187,36,1.50,1,'2019-07-02 19:24:22'),(424,187,27,0.50,1,'2019-07-02 19:24:22'),(425,188,52,2.00,1,'2019-07-02 19:40:05'),(426,188,51,1.00,2,'2019-07-02 19:40:05'),(427,189,69,2.50,1,'2019-07-02 20:29:01'),(428,190,4,2.50,1,'2019-07-03 16:41:28'),(429,191,34,1.20,2,'2019-07-03 16:54:01'),(430,191,30,1.25,1,'2019-07-03 16:54:01'),(431,191,13,4.00,1,'2019-07-03 16:54:01'),(432,192,3,3.00,1,'2019-07-03 16:54:15'),(433,193,1,1.50,3,'2019-07-03 16:54:56'),(434,194,20,2.50,1,'2019-07-03 17:37:06'),(435,194,34,1.20,5,'2019-07-03 17:37:06'),(436,194,16,15.00,1,'2019-07-03 17:37:06'),(437,194,46,0.50,3,'2019-07-03 17:37:06'),(438,195,3,3.00,2,'2019-07-03 17:53:56'),(439,196,35,1.50,1,'2019-07-03 18:18:36'),(440,197,27,0.50,4,'2019-07-03 18:27:45'),(441,197,1,1.50,2,'2019-07-03 18:27:45'),(442,198,1,1.50,1,'2019-07-03 18:28:39'),(443,198,27,0.50,1,'2019-07-03 18:28:39'),(444,199,29,1.00,2,'2019-07-03 19:12:55'),(445,199,15,10.00,1,'2019-07-03 19:12:55'),(446,200,3,3.00,1,'2019-07-03 19:18:36'),(447,201,5,15.00,2,'2019-07-04 15:09:21'),(448,202,51,1.00,3,'2019-07-06 14:35:21'),(449,203,59,1.50,1,'2019-07-06 14:36:24'),(450,203,55,0.70,1,'2019-07-06 14:36:24'),(451,204,29,1.00,2,'2019-07-06 14:39:04'),(452,204,52,2.00,1,'2019-07-06 14:39:04'),(453,205,59,1.50,2,'2019-07-06 15:05:53'),(454,206,27,0.50,1,'2019-07-06 15:06:12'),(455,207,5,15.00,1,'2019-07-06 15:15:42'),(456,208,16,15.00,1,'2019-07-06 15:31:16'),(457,208,27,0.40,25,'2019-07-06 15:31:16'),(458,209,28,0.60,3,'2019-07-06 15:32:31'),(459,210,47,1.00,1,'2019-07-06 15:33:49'),(460,210,44,1.00,2,'2019-07-06 15:33:49'),(461,211,34,1.20,1,'2019-07-06 15:43:54'),(462,212,29,1.00,10,'2019-07-06 16:18:12'),(463,212,44,1.00,5,'2019-07-06 16:18:12'),(464,212,7,1.50,1,'2019-07-06 16:18:12'),(465,212,39,3.00,2,'2019-07-06 16:18:12'),(466,213,13,4.00,1,'2019-07-06 16:34:54'),(467,213,14,5.00,1,'2019-07-06 16:34:54'),(468,213,33,1.00,6,'2019-07-06 16:34:54'),(469,214,55,0.40,20,'2019-07-06 16:35:52'),(470,215,35,1.50,2,'2019-07-06 16:45:25'),(471,216,22,4.00,1,'2019-07-06 18:32:45'),(472,216,20,2.50,1,'2019-07-06 18:32:45'),(473,216,9,5.50,2,'2019-07-06 18:32:45'),(474,216,28,0.60,4,'2019-07-06 18:32:45'),(475,216,46,0.50,1,'2019-07-06 18:32:45'),(476,217,52,2.00,2,'2019-07-06 18:41:24'),(477,217,30,1.25,1,'2019-07-06 18:41:24'),(478,217,9,5.50,1,'2019-07-06 18:41:24'),(479,217,20,2.50,1,'2019-07-06 18:41:24'),(480,218,11,7.50,1,'2019-07-06 18:44:51'),(481,218,20,2.50,1,'2019-07-06 18:44:51'),(482,218,36,1.50,2,'2019-07-06 18:44:51'),(483,218,28,0.60,2,'2019-07-06 18:44:51'),(484,218,15,10.00,1,'2019-07-06 18:44:51'),(485,219,1,1.50,3,'2019-07-06 19:21:37'),(486,219,2,2.25,2,'2019-07-06 19:21:37'),(487,219,3,3.00,1,'2019-07-06 19:21:37'),(488,219,3,3.00,1,'2019-07-06 19:21:37'),(489,220,22,4.00,1,'2019-07-06 19:26:51'),(490,220,11,7.50,1,'2019-07-06 19:26:51'),(491,220,14,5.00,1,'2019-07-06 19:26:51'),(492,220,36,1.50,1,'2019-07-06 19:26:51'),(493,220,44,1.00,1,'2019-07-06 19:26:51'),(494,220,29,1.00,1,'2019-07-06 19:26:51'),(495,221,14,5.00,1,'2019-07-06 19:56:22'),(496,221,47,1.00,1,'2019-07-06 19:56:22'),(497,221,27,0.40,25,'2019-07-06 19:56:22'),(498,221,44,1.00,5,'2019-07-06 19:56:22'),(499,222,13,4.00,1,'2019-07-06 19:57:33'),(500,223,52,2.00,2,'2019-07-06 20:00:58'),(501,223,35,1.50,1,'2019-07-06 20:00:58'),(502,223,37,2.00,1,'2019-07-06 20:00:58'),(503,223,16,15.00,1,'2019-07-06 20:00:58'),(504,224,51,1.00,6,'2019-07-06 20:21:55'),(505,224,52,2.00,2,'2019-07-06 20:21:55'),(506,224,44,1.00,2,'2019-07-06 20:21:55'),(507,225,35,1.50,1,'2019-07-06 20:22:14'),(508,226,35,1.50,2,'2019-07-06 20:22:42'),(509,226,44,1.00,2,'2019-07-06 20:22:42'),(510,227,28,0.60,2,'2019-07-07 16:50:14'),(511,227,6,1.00,2,'2019-07-07 16:50:14'),(512,227,43,0.20,3,'2019-07-07 16:50:14'),(513,227,52,2.00,1,'2019-07-07 16:50:14'),(514,227,7,1.50,1,'2019-07-07 16:50:14'),(515,227,51,1.00,2,'2019-07-07 16:50:14'),(516,227,27,0.50,4,'2019-07-07 16:50:14'),(517,228,66,6.00,1,'2019-07-08 15:16:52'),(518,228,65,6.00,2,'2019-07-08 15:16:52'),(519,229,13,4.00,1,'2019-07-08 15:36:55'),(520,229,27,0.50,2,'2019-07-08 15:36:55'),(521,230,52,2.00,1,'2019-07-08 17:00:50'),(522,230,33,1.00,1,'2019-07-08 17:00:50'),(523,231,16,15.00,1,'2019-07-08 17:01:05'),(524,232,14,5.00,1,'2019-07-08 17:34:41'),(525,232,50,6.50,1,'2019-07-08 17:34:41'),(526,232,22,4.00,1,'2019-07-08 17:34:41'),(527,232,30,1.25,3,'2019-07-08 17:34:41'),(528,232,46,0.50,1,'2019-07-08 17:34:41'),(529,233,3,3.00,1,'2019-07-08 17:51:21'),(530,233,4,2.50,1,'2019-07-08 17:51:21'),(531,234,39,3.00,1,'2019-07-08 17:56:03'),(532,234,32,2.00,1,'2019-07-08 17:56:03'),(533,234,31,1.50,1,'2019-07-08 17:56:03'),(534,234,51,1.00,1,'2019-07-08 17:56:03'),(535,235,15,10.00,1,'2019-07-08 18:53:38'),(536,235,11,7.50,1,'2019-07-08 18:53:38'),(537,235,21,5.00,1,'2019-07-08 18:53:38'),(538,235,34,1.20,1,'2019-07-08 18:53:38'),(539,235,35,1.50,1,'2019-07-08 18:53:38'),(540,235,46,0.50,2,'2019-07-08 18:53:38'),(541,235,71,1.80,1,'2019-07-08 18:53:38'),(542,236,16,15.00,1,'2019-07-08 19:09:50'),(543,236,44,1.00,3,'2019-07-08 19:09:50'),(544,236,11,7.50,1,'2019-07-08 19:09:50'),(545,237,30,1.25,1,'2019-07-08 19:48:01'),(546,238,63,1.00,1,'2019-07-08 19:51:48'),(547,239,15,10.00,1,'2019-07-08 19:54:31'),(548,239,52,2.00,1,'2019-07-08 19:54:31'),(549,240,13,4.00,1,'2019-07-08 20:33:39'),(550,240,33,1.00,1,'2019-07-08 20:33:39'),(551,240,28,0.60,1,'2019-07-08 20:33:39'),(552,241,21,5.00,1,'2019-07-09 15:02:52'),(553,241,11,7.50,2,'2019-07-09 15:02:52'),(554,241,34,1.20,2,'2019-07-09 15:02:52'),(555,241,38,1.80,2,'2019-07-09 15:02:52'),(556,241,44,1.00,5,'2019-07-09 15:02:52'),(557,241,17,25.00,1,'2019-07-09 15:02:52'),(558,242,16,15.00,1,'2019-07-09 15:31:24'),(559,242,28,0.60,5,'2019-07-09 15:31:24'),(560,243,39,3.00,1,'2019-07-09 15:32:01'),(561,243,15,10.00,1,'2019-07-09 15:32:01'),(562,244,1,1.50,1,'2019-07-09 15:41:27'),(563,245,15,10.00,1,'2019-07-09 15:52:06'),(564,245,11,7.50,1,'2019-07-09 15:52:06'),(565,246,14,5.00,1,'2019-07-09 15:54:48'),(566,246,7,1.50,1,'2019-07-09 15:54:48'),(567,246,28,0.60,6,'2019-07-09 15:54:48'),(568,246,24,10.00,1,'2019-07-09 15:54:48'),(569,247,2,2.25,2,'2019-07-09 15:55:42'),(570,248,39,3.00,1,'2019-07-09 16:11:22'),(571,248,52,2.00,1,'2019-07-09 16:11:22'),(572,248,14,5.00,1,'2019-07-09 16:11:22'),(573,249,7,1.50,4,'2019-07-09 16:25:31'),(574,249,33,1.00,10,'2019-07-09 16:25:31'),(575,250,11,7.50,3,'2019-07-09 16:45:30'),(576,250,22,4.00,1,'2019-07-09 16:45:30'),(577,250,20,2.50,2,'2019-07-09 16:45:30'),(578,250,15,10.00,3,'2019-07-09 16:45:30'),(579,250,29,1.00,15,'2019-07-09 16:45:30'),(580,250,44,1.00,5,'2019-07-09 16:45:30'),(581,250,46,0.50,2,'2019-07-09 16:45:30'),(582,250,36,1.50,6,'2019-07-09 16:45:30'),(583,250,44,1.00,1,'2019-07-09 16:45:30'),(584,251,12,12.00,1,'2019-07-09 16:46:59'),(585,251,21,5.00,1,'2019-07-09 16:46:59'),(586,251,16,15.00,1,'2019-07-09 16:46:59'),(587,252,39,3.00,3,'2019-07-09 17:07:13'),(588,253,52,2.00,2,'2019-07-09 17:12:19'),(589,253,30,1.25,4,'2019-07-09 17:12:19'),(590,253,27,0.50,2,'2019-07-09 17:12:19'),(591,254,65,6.00,2,'2019-07-09 17:12:35'),(592,255,35,1.50,1,'2019-07-09 17:26:32'),(593,255,13,4.00,1,'2019-07-09 17:26:32'),(594,255,44,1.00,1,'2019-07-09 17:26:32'),(595,255,9,5.50,1,'2019-07-09 17:26:32'),(596,256,36,1.50,1,'2019-07-09 17:35:44'),(597,256,34,1.20,2,'2019-07-09 17:35:44'),(598,256,46,0.50,2,'2019-07-09 17:35:44'),(599,257,14,5.00,1,'2019-07-09 17:57:55'),(600,257,7,1.50,2,'2019-07-09 17:57:55'),(601,258,21,5.00,1,'2019-07-09 18:11:01'),(602,258,50,6.50,1,'2019-07-09 18:11:01'),(603,258,63,1.00,1,'2019-07-09 18:11:01'),(604,258,28,0.60,3,'2019-07-09 18:11:01'),(605,258,34,1.20,2,'2019-07-09 18:11:01'),(606,258,44,1.00,1,'2019-07-09 18:11:01'),(607,258,46,0.50,1,'2019-07-09 18:11:01'),(608,259,28,0.60,8,'2019-07-09 18:19:24'),(609,259,46,0.50,1,'2019-07-09 18:19:24'),(610,260,52,2.00,2,'2019-07-09 18:19:36'),(611,261,34,1.20,5,'2019-07-09 18:41:11'),(612,261,17,25.00,1,'2019-07-09 18:41:11'),(613,261,44,1.00,2,'2019-07-09 18:41:11'),(614,262,1,1.50,1,'2019-07-09 19:20:57'),(615,262,22,4.00,1,'2019-07-09 19:20:57'),(616,262,11,7.50,1,'2019-07-09 19:20:57'),(617,262,44,1.00,4,'2019-07-09 19:20:57'),(618,262,36,1.50,1,'2019-07-09 19:20:57'),(619,263,14,5.00,1,'2019-07-09 19:58:04'),(620,263,44,1.00,2,'2019-07-09 19:58:04'),(621,263,22,4.00,1,'2019-07-09 19:58:04'),(622,263,11,7.50,1,'2019-07-09 19:58:04'),(623,263,14,5.00,1,'2019-07-09 19:58:04'),(624,263,27,0.50,6,'2019-07-09 19:58:04'),(625,264,38,1.80,25,'2019-07-10 16:06:43'),(626,264,17,25.00,1,'2019-07-10 16:06:43'),(627,265,28,0.60,6,'2019-07-10 18:18:10'),(628,266,1,1.50,2,'2019-07-10 18:53:57'),(629,267,14,5.00,2,'2019-07-10 18:54:41'),(630,268,28,0.60,1,'2019-07-10 18:55:04'),(631,269,1,1.50,1,'2019-07-10 18:55:30'),(632,270,3,3.00,2,'2019-07-10 19:08:56'),(633,271,27,0.50,2,'2019-07-10 19:09:22'),(634,271,44,1.00,1,'2019-07-10 19:09:22'),(635,272,18,50.00,1,'2019-07-10 19:51:09'),(636,272,38,1.80,25,'2019-07-10 19:51:09'),(637,273,34,1.20,1,'2019-07-10 19:55:13'),(638,273,14,5.00,1,'2019-07-10 19:55:13'),(639,274,14,5.00,1,'2019-07-10 19:55:50'),(640,274,33,1.00,1,'2019-07-10 19:55:50'),(641,274,27,0.50,4,'2019-07-10 19:55:50'),(642,275,34,1.20,1,'2019-07-11 15:32:28'),(643,275,44,1.00,1,'2019-07-11 15:32:28'),(644,275,7,1.50,1,'2019-07-11 15:32:28'),(645,276,14,5.00,1,'2019-07-11 17:27:21'),(646,276,51,1.00,1,'2019-07-11 17:27:21'),(647,277,30,1.25,2,'2019-07-11 17:35:06'),(648,277,52,2.00,2,'2019-07-11 17:35:06'),(649,278,9,5.50,1,'2019-07-11 18:06:53'),(650,278,14,5.00,1,'2019-07-11 18:06:53'),(651,278,33,1.00,4,'2019-07-11 18:06:53'),(652,278,27,0.50,1,'2019-07-11 18:06:53'),(653,279,37,2.00,3,'2019-07-11 18:35:03'),(654,279,71,1.80,1,'2019-07-11 18:35:03'),(655,279,44,1.00,4,'2019-07-11 18:35:03'),(656,279,14,5.00,1,'2019-07-11 18:35:03'),(657,279,13,4.00,1,'2019-07-11 18:35:03'),(658,280,31,1.50,1,'2019-07-11 18:35:43'),(659,280,7,1.50,1,'2019-07-11 18:35:43'),(660,281,14,5.00,1,'2019-07-11 18:36:23'),(661,281,33,1.00,4,'2019-07-11 18:36:23'),(662,282,19,2.00,1,'2019-07-11 19:04:20'),(663,282,44,1.00,2,'2019-07-11 19:04:20'),(664,283,36,1.50,1,'2019-07-11 19:05:55'),(665,283,51,1.00,3,'2019-07-11 19:05:55'),(666,283,51,1.00,1,'2019-07-11 19:05:55'),(667,283,46,0.50,3,'2019-07-11 19:05:55'),(668,283,19,2.00,1,'2019-07-11 19:05:55'),(669,284,1,1.50,2,'2019-07-11 19:29:49'),(670,285,28,0.60,7,'2019-07-11 19:30:53'),(671,285,44,1.00,1,'2019-07-11 19:30:53'),(672,285,30,1.25,1,'2019-07-11 19:30:53'),(673,285,46,0.50,1,'2019-07-11 19:30:53'),(674,286,5,15.00,1,'2019-07-12 15:59:47'),(675,287,1,1.25,21,'2019-07-12 16:41:41'),(676,288,70,1.80,3,'2019-07-12 17:03:33'),(677,288,68,3.50,1,'2019-07-12 17:03:33'),(678,288,16,15.00,1,'2019-07-12 17:03:33'),(679,289,39,3.00,1,'2019-07-12 17:07:13'),(680,289,13,4.00,1,'2019-07-12 17:07:13'),(681,290,27,0.50,5,'2019-07-12 17:27:16'),(682,290,33,1.00,6,'2019-07-12 17:27:16'),(683,290,27,0.50,2,'2019-07-12 17:27:16'),(684,290,6,1.00,2,'2019-07-12 17:27:16'),(685,290,7,1.50,1,'2019-07-12 17:27:16'),(686,291,3,3.00,1,'2019-07-12 17:28:35'),(687,292,36,1.50,2,'2019-07-12 17:36:27'),(688,292,46,0.50,1,'2019-07-12 17:36:27'),(689,293,3,3.00,1,'2019-07-12 17:37:21'),(690,294,1,1.50,3,'2019-07-12 18:06:11'),(691,295,27,0.50,3,'2019-07-12 18:20:34'),(692,296,27,0.50,4,'2019-07-12 18:31:05'),(693,296,44,1.00,2,'2019-07-12 18:31:05'),(694,296,28,0.60,3,'2019-07-12 18:31:05'),(695,297,21,5.00,1,'2019-07-12 19:26:09'),(696,297,16,15.00,1,'2019-07-12 19:26:09'),(697,297,11,7.50,1,'2019-07-12 19:26:09'),(698,297,27,0.50,4,'2019-07-12 19:26:09'),(699,297,44,1.00,2,'2019-07-12 19:26:09'),(700,297,52,2.00,1,'2019-07-12 19:26:09'),(701,298,27,0.50,2,'2019-07-12 19:26:24'),(702,299,27,0.50,4,'2019-07-12 19:33:41'),(703,299,34,1.20,2,'2019-07-12 19:33:41'),(704,299,44,1.00,2,'2019-07-12 19:33:41'),(705,300,11,7.50,2,'2019-07-13 14:28:17'),(706,300,75,2.00,1,'2019-07-13 14:28:17'),(707,300,75,2.00,1,'2019-07-13 14:28:17'),(708,300,34,1.20,3,'2019-07-13 14:28:17'),(709,300,21,5.00,1,'2019-07-13 14:28:17'),(710,300,1,1.50,1,'2019-07-13 14:28:17'),(711,300,52,2.00,1,'2019-07-13 14:28:17'),(712,301,11,7.50,1,'2019-07-13 14:31:53'),(713,301,22,4.00,1,'2019-07-13 14:31:53'),(714,301,15,10.00,1,'2019-07-13 14:31:53'),(715,302,30,1.25,2,'2019-07-13 14:35:29'),(716,302,34,1.20,1,'2019-07-13 14:35:29'),(717,302,34,1.20,1,'2019-07-13 14:35:29'),(718,302,8,2.50,1,'2019-07-13 14:35:29'),(719,302,19,2.00,1,'2019-07-13 14:35:29'),(720,302,44,1.00,1,'2019-07-13 14:35:29'),(721,303,37,2.00,1,'2019-07-13 14:45:22'),(722,304,46,0.50,1,'2019-07-13 15:01:37'),(723,305,28,0.60,2,'2019-07-13 15:14:40'),(724,305,34,1.20,1,'2019-07-13 15:14:40'),(725,306,44,1.00,2,'2019-07-13 15:17:03'),(726,306,35,1.50,1,'2019-07-13 15:17:03'),(727,306,2,2.25,1,'2019-07-13 15:17:03'),(728,307,1,1.50,2,'2019-07-13 15:19:26'),(729,307,2,2.25,1,'2019-07-13 15:19:26'),(730,308,16,15.00,1,'2019-07-13 15:28:33'),(731,308,11,7.50,1,'2019-07-13 15:28:33'),(732,308,25,30.00,1,'2019-07-13 15:28:33'),(733,308,34,1.20,4,'2019-07-13 15:28:33'),(734,308,34,1.20,2,'2019-07-13 15:28:33'),(735,308,35,1.50,1,'2019-07-13 15:28:33'),(736,308,34,1.20,1,'2019-07-13 15:28:33'),(737,308,44,1.00,4,'2019-07-13 15:28:33'),(738,308,46,0.50,1,'2019-07-13 15:28:33'),(739,308,34,1.20,1,'2019-07-13 15:28:33'),(740,308,1,1.50,1,'2019-07-13 15:28:33'),(741,309,14,5.00,1,'2019-07-13 15:38:43'),(742,309,46,0.50,1,'2019-07-13 15:38:43'),(743,310,1,1.50,2,'2019-07-13 15:41:00'),(744,311,1,1.50,1,'2019-07-13 15:41:58'),(745,312,26,45.00,1,'2019-07-13 16:37:22'),(746,312,17,25.00,1,'2019-07-13 16:37:22'),(747,313,26,45.00,1,'2019-07-13 16:39:46'),(748,313,11,7.50,1,'2019-07-13 16:39:46'),(749,314,1,1.50,1,'2019-07-13 16:39:58'),(750,315,28,0.60,3,'2019-07-13 16:51:02'),(751,315,44,1.00,1,'2019-07-13 16:51:02'),(752,315,44,1.00,1,'2019-07-13 16:51:02'),(753,316,30,1.25,3,'2019-07-13 16:54:23'),(754,316,51,1.00,1,'2019-07-13 16:54:23'),(755,316,13,4.00,1,'2019-07-13 16:54:23'),(756,316,51,1.00,1,'2019-07-13 16:54:23'),(757,317,28,0.60,3,'2019-07-13 16:58:31'),(758,318,28,0.60,5,'2019-07-13 16:59:04'),(759,319,25,30.00,1,'2019-07-13 17:02:12'),(760,319,52,2.00,5,'2019-07-13 17:02:12'),(761,319,50,6.50,1,'2019-07-13 17:02:12'),(762,320,44,1.00,5,'2019-07-13 17:23:28'),(763,320,44,1.00,5,'2019-07-13 17:23:28'),(764,320,34,1.20,5,'2019-07-13 17:23:28'),(765,320,22,4.00,1,'2019-07-13 17:23:28'),(766,320,11,7.50,1,'2019-07-13 17:23:28'),(767,321,34,1.20,3,'2019-07-13 17:24:02'),(768,322,75,2.00,2,'2019-07-13 17:24:37'),(769,323,32,2.00,1,'2019-07-13 17:30:03'),(770,323,46,0.50,1,'2019-07-13 17:30:03'),(771,324,56,3.50,1,'2019-07-13 17:35:49'),(772,325,24,10.00,1,'2019-07-13 17:40:27'),(773,325,12,12.00,1,'2019-07-13 17:40:27'),(774,325,13,4.00,1,'2019-07-13 17:40:27'),(775,325,11,7.50,1,'2019-07-13 17:40:27'),(776,325,16,15.00,1,'2019-07-13 17:40:27'),(777,325,39,3.00,3,'2019-07-13 17:40:27'),(778,325,52,2.00,3,'2019-07-13 17:40:27'),(779,326,27,0.50,4,'2019-07-13 18:00:36'),(780,326,34,1.20,35,'2019-07-13 18:00:36'),(781,326,36,1.50,2,'2019-07-13 18:00:36'),(782,326,34,1.20,2,'2019-07-13 18:00:36'),(783,326,46,0.50,1,'2019-07-13 18:00:36'),(784,326,47,1.00,1,'2019-07-13 18:00:36'),(785,327,52,2.00,1,'2019-07-13 18:21:43'),(786,328,1,1.50,2,'2019-07-13 18:26:00'),(787,329,11,7.50,1,'2019-07-13 18:30:45'),(788,329,39,3.00,1,'2019-07-13 18:30:45'),(789,329,52,2.00,1,'2019-07-13 18:30:45'),(790,329,30,1.25,3,'2019-07-13 18:30:45'),(791,330,51,1.00,1,'2019-07-13 18:31:24'),(792,330,27,0.50,1,'2019-07-13 18:31:24'),(793,331,1,1.50,1,'2019-07-13 18:38:45'),(794,332,3,3.00,1,'2019-07-13 18:44:56'),(795,333,53,1.00,1,'2019-07-13 18:45:52'),(796,334,1,1.50,2,'2019-07-13 19:30:56'),(797,335,28,0.60,3,'2019-07-13 19:33:46'),(798,335,34,1.20,2,'2019-07-13 19:33:46'),(799,335,28,0.60,1,'2019-07-13 19:33:46'),(800,336,14,5.00,1,'2019-07-13 19:37:42'),(801,337,27,0.50,4,'2019-07-13 19:40:19'),(802,337,44,1.00,1,'2019-07-13 19:40:19'),(803,338,34,1.20,2,'2019-07-13 19:51:24'),(804,338,27,0.50,4,'2019-07-13 19:51:24'),(805,338,46,0.50,1,'2019-07-13 19:51:24'),(806,339,68,3.50,1,'2019-07-13 19:51:49'),(807,339,53,1.00,1,'2019-07-13 19:51:49');
/*!40000 ALTER TABLE `vendas` ENABLE KEYS */;
UNLOCK TABLES;
/*!40103 SET TIME_ZONE=@OLD_TIME_ZONE */;

/*!40101 SET SQL_MODE=@OLD_SQL_MODE */;
/*!40014 SET FOREIGN_KEY_CHECKS=@OLD_FOREIGN_KEY_CHECKS */;
/*!40014 SET UNIQUE_CHECKS=@OLD_UNIQUE_CHECKS */;
/*!40101 SET CHARACTER_SET_CLIENT=@OLD_CHARACTER_SET_CLIENT */;
/*!40101 SET CHARACTER_SET_RESULTS=@OLD_CHARACTER_SET_RESULTS */;
/*!40101 SET COLLATION_CONNECTION=@OLD_COLLATION_CONNECTION */;
/*!40111 SET SQL_NOTES=@OLD_SQL_NOTES */;

-- Dump completed on 2019-07-14  2:33:59
